payment_id,order_id,payment_date,amount
PAY00001,O00001,2025-03-16,"0    27216.21
1    12223.40
2     4077.20
3     7520.10
4     7520.10
dtype: float64"
PAY00002,O00002,2024-12-02,"5     3925.24
6    18513.54
7    10193.00
8     1335.30
dtype: float64"
PAY00003,O00003,2024-09-26,"9     22193.55
10    26361.27
11     6597.99
dtype: float64"
PAY00004,O00004,2024-08-07,"12    10193.0
dtype: float64"
PAY00005,O00005,2024-11-21,"13    31850.28
14     1074.30
15    40447.20
16    11775.72
17    32357.76
dtype: float64"
PAY00006,O00006,2024-12-15,"18    13704.95
dtype: float64"
PAY00007,O00007,2024-05-12,"19    14615.7
dtype: float64"
PAY00008,O00008,2024-12-05,"20    8459.94
dtype: float64"
PAY00009,O00009,2025-01-27,"21    40447.20
22    21349.23
23     1298.16
24    28933.65
25    19161.36
dtype: float64"
PAY00010,O00010,2024-05-25,"26    4375.08
27    7205.36
28    1423.30
dtype: float64"
PAY00011,O00011,2025-02-01,"29    4734.00
30    5199.88
dtype: float64"
PAY00012,O00012,2024-07-01,"31     222.55
32    4704.44
dtype: float64"
PAY00013,O00013,2024-12-14,"33    2283.74
dtype: float64"
PAY00014,O00014,2024-07-06,"34    43113.06
35    11664.09
dtype: float64"
PAY00015,O00015,2024-07-22,"36     6279.07
37     8769.42
38     2271.78
39    29148.56
40     2045.92
dtype: float64"
PAY00016,O00016,2024-12-23,"41    1801.34
dtype: float64"
PAY00017,O00017,2024-05-11,"42    38069.73
43    36594.96
44     3513.99
45    20911.80
dtype: float64"
PAY00018,O00018,2024-06-15,"46    2920.86
47    4077.20
48     526.00
dtype: float64"
PAY00019,O00019,2024-07-14,"49    35153.60
50    16456.48
51    10963.96
52     7993.09
53     2155.65
dtype: float64"
PAY00020,O00020,2024-06-23,"54     1112.75
55     3402.84
56    24668.91
57    11295.44
dtype: float64"
PAY00021,O00021,2024-11-13,"58     6008.30
59    18513.54
dtype: float64"
PAY00022,O00022,2024-05-16,"60    33378.39
61     3379.74
62     4291.06
dtype: float64"
PAY00023,O00023,2024-06-10,"63    2283.74
dtype: float64"
PAY00024,O00024,2024-04-16,"64    3602.68
dtype: float64"
PAY00025,O00025,2024-09-25,"65    21993.3
dtype: float64"
PAY00026,O00026,2024-10-09,"66     5632.90
67    14155.68
68    24984.48
69     4506.32
70     9813.10
dtype: float64"
PAY00027,O00027,2025-01-08,"71    5404.02
72    1201.66
dtype: float64"
PAY00028,O00028,2024-12-05,"73    27762.66
74     4485.05
75      767.22
76    11775.72
dtype: float64"
PAY00029,O00029,2024-10-17,"77    6404.85
78    5371.50
dtype: float64"
PAY00030,O00030,2024-08-09,"79      667.65
80    22871.85
81     1201.66
82     1801.34
83    24668.91
dtype: float64"
PAY00031,O00031,2024-04-28,"84     3004.15
85    34363.44
86    29405.52
dtype: float64"
PAY00032,O00032,2024-07-12,"87    1790.18
dtype: float64"
PAY00033,O00033,2024-08-08,"88    667.65
dtype: float64"
PAY00034,O00034,2025-01-16,"89    19400.85
90     2929.03
91     2352.22
dtype: float64"
PAY00035,O00035,2024-08-07,"92    32148.5
93    39547.8
dtype: float64"
PAY00036,O00036,2025-01-14,"94    3049.89
95    3443.46
96    3200.28
97    5647.72
dtype: float64"
PAY00037,O00037,2025-03-16,"98    33081.21
dtype: float64"
PAY00038,O00038,2024-10-10,"99      3667.02
100    19186.93
101     3520.88
102     6466.95
103     8471.58
dtype: float64"
PAY00039,O00039,2024-05-13,"104    9580.68
105    9883.51
dtype: float64"
PAY00040,O00040,2025-01-03,"106    14083.52
107    18297.48
108      324.54
109     2295.64
dtype: float64"
PAY00041,O00041,2024-07-11,"110    28742.04
111     4734.00
112    28313.04
dtype: float64"
PAY00042,O00042,2025-04-11,"113    15291.30
114     1299.97
115     4077.20
116    47903.40
117     7886.06
dtype: float64"
PAY00043,O00043,2024-07-23,"118    44387.10
119    19947.60
120     5856.65
dtype: float64"
PAY00044,O00044,2025-02-16,"121      890.20
122    16445.94
123    13738.34
124     2352.22
dtype: float64"
PAY00045,O00045,2025-02-18,"125    15423.70
126     8106.03
127    15249.45
dtype: float64"
PAY00046,O00046,2024-12-10,"128    21407.82
129     4268.22
130    32148.50
131    29874.00
dtype: float64"
PAY00047,O00047,2024-12-03,"132    32148.50
133     2225.50
134     3604.98
135    35509.68
dtype: float64"
PAY00048,O00048,2024-12-30,"136     2702.01
137     8582.12
138     7059.65
139    19793.97
dtype: float64"
PAY00049,O00049,2025-02-17,"140    12233.04
141    13723.11
142     1222.34
143      900.67
144    14083.52
dtype: float64"
PAY00050,O00050,2025-04-10,"145     7993.09
146     4208.00
147    29148.56
148    12338.96
149     8962.20
dtype: float64"
PAY00051,O00051,2024-07-02,"150    1600.14
dtype: float64"
PAY00052,O00052,2024-09-29,"151    34363.44
152    18297.48
153     2845.48
154     2596.32
dtype: float64"
PAY00053,O00053,2024-05-24,"155     7205.36
156    49869.00
157    10139.22
158    15395.31
dtype: float64"
PAY00054,O00054,2024-11-09,"159     3200.28
160     6111.70
161     2920.86
162    11692.56
dtype: float64"
PAY00055,O00055,2024-07-14,"163    23951.7
164     2104.0
dtype: float64"
PAY00056,O00056,2024-12-22,"165     2295.64
166    22503.95
167     9149.67
dtype: float64"
PAY00057,O00057,2024-06-07,"168     4734.00
169    33312.64
dtype: float64"
PAY00058,O00058,2025-04-06,"170    26727.12
dtype: float64"
PAY00059,O00059,2024-07-28,"171    13195.98
172     1112.75
173     5600.49
174     6279.07
175     2920.86
dtype: float64"
PAY00060,O00060,2025-02-26,"176     9883.51
177     4800.42
178    27216.21
179    14371.02
180    31104.24
dtype: float64"
PAY00061,O00061,2024-06-05,"181    13738.34
182     3925.41
183     9012.64
184     2702.01
185      255.74
dtype: float64"
PAY00062,O00062,2024-05-12,"186    15291.30
187    20503.21
188    15291.30
189     4077.20
dtype: float64"
PAY00063,O00063,2024-05-12,"190    1222.34
dtype: float64"
PAY00064,O00064,2024-06-17,"191    2717.29
192    1411.93
dtype: float64"
PAY00065,O00065,2025-02-11,"193    17576.80
194     9254.22
dtype: float64"
PAY00066,O00066,2024-08-15,"195    3588.04
dtype: float64"
PAY00067,O00067,2024-11-29,"196     8089.44
197     6466.95
198    17694.60
dtype: float64"
PAY00068,O00068,2025-01-26,"199    5199.88
200    1147.82
201    9006.70
202    8797.32
203     972.24
dtype: float64"
PAY00069,O00069,2025-03-01,"204    11418.70
205     3538.92
206    18299.34
dtype: float64"
PAY00070,O00070,2024-11-21,"207    6304.69
208    4208.00
209    5434.58
210    1557.85
dtype: float64"
PAY00071,O00071,2025-04-07,"211     5880.55
212    44387.10
213    38069.73
214    16456.48
dtype: float64"
PAY00072,O00072,2024-08-04,"215     8788.40
216     5632.90
217    24466.08
218     5846.28
dtype: float64"
PAY00073,O00073,2024-10-01,"219     5382.06
220     2702.01
221    24466.08
222    15552.12
dtype: float64"
PAY00074,O00074,2024-06-04,"223    18378.45
224     7200.63
225     1176.11
dtype: float64"
PAY00075,O00075,2024-10-09,"226     2045.92
227    38069.73
dtype: float64"
PAY00076,O00076,2025-01-04,"228    11381.92
229    21738.32
dtype: float64"
PAY00077,O00077,2024-08-08,"230    4205.81
dtype: float64"
PAY00078,O00078,2025-01-15,"231     4591.28
232    10139.22
dtype: float64"
PAY00079,O00079,2024-09-19,"233    35509.68
234     6111.70
235    15291.30
dtype: float64"
PAY00080,O00080,2024-07-24,"236     6099.78
237    26886.60
dtype: float64"
PAY00081,O00081,2024-10-25,"238    14937.0
239    42299.7
dtype: float64"
PAY00082,O00082,2024-11-09,"240     5632.90
241     4986.90
242    39547.80
243     1802.49
244     3558.25
dtype: float64"
PAY00083,O00083,2024-10-21,"245    9644.55
dtype: float64"
PAY00084,O00084,2024-09-29,"246    7027.98
247     667.65
248     600.83
249    1622.70
dtype: float64"
PAY00085,O00085,2024-05-18,"250    30759.4
dtype: float64"
PAY00086,O00086,2024-11-28,"251    897.01
dtype: float64"
PAY00087,O00087,2024-04-26,"252    9148.74
253    8797.32
dtype: float64"
PAY00088,O00088,2025-03-29,"254    32357.76
255    28311.36
256     7059.65
257    35208.80
258    13738.34
dtype: float64"
PAY00089,O00089,2024-09-29,"259    12338.96
260    17694.60
261     2444.68
262     6597.99
263    15272.64
dtype: float64"
PAY00090,O00090,2025-01-21,"264     2104.00
265     1112.75
266    14645.15
267     9012.64
268     1201.66
dtype: float64"
PAY00091,O00091,2024-08-13,"269    27409.90
270     5647.72
dtype: float64"
PAY00092,O00092,2024-12-06,"271    9644.55
dtype: float64"
PAY00093,O00093,2024-07-23,"272     2630.0
273    21556.5
dtype: float64"
PAY00094,O00094,2024-04-29,"274    13704.95
275    39948.39
276     2920.86
277     4591.28
278    33312.64
dtype: float64"
PAY00095,O00095,2024-05-19,"279    12999.70
280    44387.10
281     3058.26
282     7307.85
283     2557.40
dtype: float64"
PAY00096,O00096,2024-07-16,"284    1622.70
285    8151.87
dtype: float64"
PAY00097,O00097,2025-01-03,"286    18508.44
287    23328.18
288      511.48
289    11027.07
dtype: float64"
PAY00098,O00098,2025-03-05,"290    12804.66
291      600.83
292    17594.64
293     9148.74
dtype: float64"
PAY00099,O00099,2025-03-16,"294    27524.34
295     2057.06
296    37476.72
dtype: float64"
PAY00100,O00100,2024-11-26,"297    29669.68
298     4291.06
299    12338.96
300    19440.15
dtype: float64"
PAY00101,O00101,2024-12-03,"301    21927.92
302     8877.42
dtype: float64"
PAY00102,O00102,2024-04-20,"303     5647.72
304     2352.22
305     4591.28
306      445.10
307    12492.24
dtype: float64"
PAY00103,O00103,2025-02-03,"308    34328.48
309    19161.36
310    35153.60
dtype: float64"
PAY00104,O00104,2025-01-04,"311    4375.08
312    8222.97
dtype: float64"
PAY00105,O00105,2025-03-05,"313    36402.48
314     5709.35
315     3058.26
dtype: float64"
PAY00106,O00106,2024-07-30,"316    13182.60
317     7176.08
318    24455.61
dtype: float64"
PAY00107,O00107,2024-11-26,"319    18349.56
320    16178.88
321     2846.60
dtype: float64"
PAY00108,O00108,2024-05-05,"322    24646.16
323    28313.04
324    11126.13
325     9778.72
dtype: float64"
PAY00109,O00109,2025-02-07,"326    8582.12
327    9012.64
dtype: float64"
PAY00110,O00110,2025-01-30,"328     2616.94
329     1780.40
330     5371.50
331    12231.60
332    20570.60
dtype: float64"
PAY00111,O00111,2024-06-22,"333    19021.03
334     6851.22
335     9134.96
336    10276.83
dtype: float64"
PAY00112,O00112,2024-10-10,"337     3682.00
338     6169.48
339     5481.98
340    39895.20
341     3667.02
dtype: float64"
PAY00113,O00113,2024-11-06,"342     6542.35
343    22252.26
344     8471.58
dtype: float64"
PAY00114,O00114,2024-12-29,"345     4384.71
346    12492.24
dtype: float64"
PAY00115,O00115,2024-10-07,"347    24772.44
dtype: float64"
PAY00116,O00116,2025-04-06,"348    15552.12
349     9012.64
dtype: float64"
PAY00117,O00117,2024-08-02,"350    23432.24
351     4503.35
352     7200.63
dtype: float64"
PAY00118,O00118,2024-06-22,"353    17574.18
dtype: float64"
PAY00119,O00119,2024-11-29,"354    15423.70
355    17754.84
356    10230.99
dtype: float64"
PAY00120,O00120,2024-10-01,"357    35208.8
dtype: float64"
PAY00121,O00121,2024-12-20,"358      600.83
359    14227.40
360     1299.97
361    43942.00
362     3888.96
dtype: float64"
PAY00122,O00122,2025-02-20,"363    14155.68
364    36756.90
dtype: float64"
PAY00123,O00123,2024-10-27,"365    3084.74
366    6542.35
dtype: float64"
PAY00124,O00124,2024-05-22,"367    2691.03
dtype: float64"
PAY00125,O00125,2024-10-13,"368    27524.34
369    24984.48
370    34363.44
dtype: float64"
PAY00126,O00126,2024-09-02,"371    35153.60
372     7307.85
373    26365.20
dtype: float64"
PAY00127,O00127,2024-09-16,"374    14399.42
375     9668.70
376    12342.36
377     4077.20
dtype: float64"
PAY00128,O00128,2024-08-19,"378    9580.68
dtype: float64"
PAY00129,O00129,2024-08-12,"379    5404.02
380    1801.34
381    4506.32
dtype: float64"
PAY00130,O00130,2025-01-04,"382    31850.28
dtype: float64"
PAY00131,O00131,2024-05-30,"383    24646.16
384     1052.00
385    13182.60
386     1308.47
387      573.91
dtype: float64"
PAY00132,O00132,2025-03-13,"388     7027.98
389    31687.92
390    13738.34
391     4861.20
dtype: float64"
PAY00133,O00133,2024-06-19,"392     6400.56
393    27172.90
dtype: float64"
PAY00134,O00134,2024-08-26,"394    5199.88
395    4269.90
396    5858.06
dtype: float64"
PAY00135,O00135,2024-09-17,"397    22503.95
398    10285.30
399    14702.76
dtype: float64"
PAY00136,O00136,2025-01-14,"400      255.74
401    22908.96
402    12338.96
403     6171.18
dtype: float64"
PAY00137,O00137,2024-10-27,"404     2104.0
405    40447.2
dtype: float64"
PAY00138,O00138,2024-07-31,"406    30582.6
407     1074.3
dtype: float64"
PAY00139,O00139,2024-12-26,"408    14960.7
409     6429.7
dtype: float64"
PAY00140,O00140,2024-09-21,"410    18299.34
dtype: float64"
PAY00141,O00141,2025-02-27,"411     6116.52
412    17245.20
413    29669.68
414     7334.04
415    17663.58
dtype: float64"
PAY00142,O00142,2025-02-08,"416    11716.12
dtype: float64"
PAY00143,O00143,2024-11-09,"417    38069.73
dtype: float64"
PAY00144,O00144,2024-05-03,"418    19021.03
419     2599.94
420    39895.20
421     9134.96
dtype: float64"
PAY00145,O00145,2024-10-11,"422    9174.78
dtype: float64"
PAY00146,O00146,2024-05-17,"423    43113.06
424    18508.44
dtype: float64"
PAY00147,O00147,2024-08-17,"425    17663.58
426    11716.12
427    24772.44
428     2045.92
429     4704.44
dtype: float64"
PAY00148,O00148,2024-07-25,"430    26365.20
431     3402.84
432    25379.82
dtype: float64"
PAY00149,O00149,2024-08-13,"433    1423.30
434    2148.60
435    5481.98
dtype: float64"
PAY00150,O00150,2024-05-26,"436     2557.40
437    38069.73
438    41169.33
439    19289.10
dtype: float64"
PAY00151,O00151,2025-02-14,"440    29148.56
dtype: float64"
PAY00152,O00152,2024-09-21,"441    20570.6
dtype: float64"
PAY00153,O00153,2025-03-13,"442     9370.64
443    17164.24
444     2148.60
dtype: float64"
PAY00154,O00154,2024-10-26,"445     7116.50
446    40447.20
447     8073.09
448     4574.37
449    11418.70
dtype: float64"
PAY00155,O00155,2025-02-28,"450     7799.82
451    28742.04
452     4044.72
dtype: float64"
PAY00156,O00156,2024-04-13,"453    2691.03
454    4164.08
dtype: float64"
PAY00157,O00157,2024-12-24,"455    38181.60
456    41640.80
457     7351.38
458      711.65
459    12689.91
dtype: float64"
PAY00158,O00158,2025-03-22,"460    25960.97
461     1278.70
462    11716.12
463    39948.39
464     7077.84
dtype: float64"
PAY00159,O00159,2024-11-13,"465     5856.65
466      900.67
467     4506.32
468    13738.34
dtype: float64"
PAY00160,O00160,2024-10-07,"469    1112.75
dtype: float64"
PAY00161,O00161,2024-09-25,"470    8089.44
471     600.83
dtype: float64"
PAY00162,O00162,2024-05-10,"472    12933.90
473      972.24
474     8232.77
475     4291.06
dtype: float64"
PAY00163,O00163,2024-06-26,"476    5858.06
dtype: float64"
PAY00164,O00164,2024-11-03,"477    26632.26
478    12492.24
479    27172.90
480     4806.64
481    24984.48
dtype: float64"
PAY00165,O00165,2024-09-06,"482    7993.09
483    7307.85
484    6759.48
485    7850.48
dtype: float64"
PAY00166,O00166,2024-12-07,"486     4734.00
487    27762.66
dtype: float64"
PAY00167,O00167,2025-02-04,"488    11027.07
489     8797.32
490     5434.58
dtype: float64"
PAY00168,O00168,2024-10-20,"491     5974.80
492    10616.76
493    32357.76
dtype: float64"
PAY00169,O00169,2024-12-13,"494    12223.40
495    17574.18
496    16445.94
497     2691.03
498    24677.92
dtype: float64"
PAY00170,O00170,2024-10-04,"499    26361.27
500     1147.82
501    23951.70
502    29669.68
dtype: float64"
PAY00171,O00171,2025-02-01,"503    18543.55
dtype: float64"
PAY00172,O00172,2024-05-06,"504    31850.28
dtype: float64"
PAY00173,O00173,2024-06-28,"505    11265.80
506     8797.32
507    25379.82
508    37087.10
dtype: float64"
PAY00174,O00174,2024-07-30,"509     2148.60
510     4734.00
511     3513.99
512      800.07
513    14702.76
dtype: float64"
PAY00175,O00175,2024-11-14,"514    24934.50
515    13738.34
516    24772.44
517     4269.90
dtype: float64"
PAY00176,O00176,2024-06-05,"518    25960.97
519    15423.70
520    15291.30
521    30582.60
522     9644.55
dtype: float64"
PAY00177,O00177,2025-04-09,"523    3379.74
dtype: float64"
PAY00178,O00178,2024-07-31,"524    20570.60
525     2845.48
526     2430.60
dtype: float64"
PAY00179,O00179,2024-09-28,"527    24455.61
528     6116.52
529    21349.23
530    10584.99
dtype: float64"
PAY00180,O00180,2025-03-19,"531    2134.95
dtype: float64"
PAY00181,O00181,2025-01-14,"532     6597.99
533    11664.09
534     7041.76
dtype: float64"
PAY00182,O00182,2024-10-17,"535    38619.54
dtype: float64"
PAY00183,O00183,2024-05-31,"536     3899.91
537     9174.78
538    40447.20
539     9149.67
540     5693.20
dtype: float64"
PAY00184,O00184,2024-04-23,"541     5693.20
542     4704.44
543    18513.54
544    14155.68
dtype: float64"
PAY00185,O00185,2024-12-12,"545    10467.76
546    23899.20
547     4503.35
548     6279.07
dtype: float64"
PAY00186,O00186,2024-12-06,"549     4164.08
550    17245.20
551    17924.40
552    31850.28
553     4077.20
dtype: float64"
PAY00187,O00187,2025-02-15,"554     3425.61
555     4205.81
556     8089.44
557    19161.36
558    10467.76
dtype: float64"
PAY00188,O00188,2024-07-13,"559    29148.56
dtype: float64"
PAY00189,O00189,2025-01-14,"560     3520.88
561    29921.40
562     1423.30
dtype: float64"
PAY00190,O00190,2024-06-16,"563    11295.44
564     9149.67
565     4806.64
dtype: float64"
PAY00191,O00191,2024-08-18,"566     2225.50
567     4734.00
568    10230.99
569     8788.40
570    16074.25
dtype: float64"
PAY00192,O00192,2024-11-11,"571    30498.90
572    28167.04
573     6169.48
dtype: float64"
PAY00193,O00193,2024-04-15,"574     3379.74
575     1112.75
576    30037.42
577     1461.57
dtype: float64"
PAY00194,O00194,2024-11-19,"578     2923.14
579    37476.72
580     5404.02
dtype: float64"
PAY00195,O00195,2024-09-20,"581     3214.85
582     9883.51
583    25746.36
584     6499.85
585     2038.60
dtype: float64"
PAY00196,O00196,2024-05-18,"586    7351.38
dtype: float64"
PAY00197,O00197,2024-07-06,"587    12689.91
588    24466.08
589    29669.68
590     9644.55
591    13723.11
dtype: float64"
PAY00198,O00198,2025-03-02,"592     7799.82
593    19090.80
594    12707.37
595     5600.49
dtype: float64"
PAY00199,O00199,2025-04-03,"596     1461.57
597     7334.04
598    14937.00
599     7351.38
dtype: float64"
PAY00200,O00200,2024-05-30,"600    2400.21
601    9778.72
602    6400.56
603    2916.72
dtype: float64"
PAY00201,O00201,2024-10-07,"604    45743.70
605    12689.91
606     4734.00
dtype: float64"
PAY00202,O00202,2024-05-30,"607     9370.64
608    30582.60
609     4205.81
dtype: float64"
PAY00203,O00203,2024-12-19,"610    25729.83
611    18543.55
612     2038.60
613     7351.38
dtype: float64"
PAY00204,O00204,2025-03-05,"614     2134.95
615    45743.70
616     7205.36
617     2199.33
dtype: float64"
PAY00205,O00205,2024-06-13,"618    21125.28
dtype: float64"
PAY00206,O00206,2024-10-24,"619    13195.98
620     7799.82
621     8594.40
622     5858.06
dtype: float64"
PAY00207,O00207,2025-04-13,"623    9813.10
624    1944.48
dtype: float64"
PAY00208,O00208,2025-01-14,"625    33839.76
dtype: float64"
PAY00209,O00209,2024-08-01,"626     5233.88
627    11713.30
628    20223.60
629     9408.88
dtype: float64"
PAY00210,O00210,2024-10-27,"630    6099.78
dtype: float64"
PAY00211,O00211,2025-01-11,"631     1600.14
632    17574.18
dtype: float64"
PAY00212,O00212,2024-08-03,"633    5880.55
634    9644.55
635    1802.49
dtype: float64"
PAY00213,O00213,2024-09-27,"636    21125.28
637    44882.10
638    14119.30
639    21125.28
640    31104.24
dtype: float64"
PAY00214,O00214,2025-03-03,"641    17694.60
642     1790.18
dtype: float64"
PAY00215,O00215,2024-10-21,"643    11775.72
644     8089.44
645    35153.60
646     4208.00
dtype: float64"
PAY00216,O00216,2024-10-18,"647    11027.07
648    14270.20
649    12707.37
650     3084.74
651     5974.80
dtype: float64"
PAY00217,O00217,2024-07-21,"652     2295.64
653    12933.90
dtype: float64"
PAY00218,O00218,2024-10-10,"654    10276.83
655     7307.85
656     9254.22
dtype: float64"
PAY00219,O00219,2024-11-11,"657    35389.20
658     2557.40
659     8151.87
dtype: float64"
PAY00220,O00220,2024-06-09,"660     4229.97
661     7077.84
662     1141.87
663     8970.10
664    21971.00
dtype: float64"
PAY00221,O00221,2024-09-05,"665     4044.72
666    33312.64
dtype: float64"
PAY00222,O00222,2024-06-28,"667     3004.15
668    17594.64
669     7776.06
670     4574.37
671     4268.22
dtype: float64"
PAY00223,O00223,2025-04-10,"672    23328.18
673    22908.96
674    24772.44
675     1721.73
dtype: float64"
PAY00224,O00224,2024-12-06,"676     8582.12
677     5856.65
678    11692.56
dtype: float64"
PAY00225,O00225,2024-10-30,"679    1790.18
680    6008.30
dtype: float64"
PAY00226,O00226,2025-01-25,"681    12342.36
682    13084.70
dtype: float64"
PAY00227,O00227,2025-03-24,"683    23899.2
684     8594.4
685    24934.5
dtype: float64"
PAY00228,O00228,2024-06-02,"686    1790.18
dtype: float64"
PAY00229,O00229,2025-03-17,"687    16456.48
688    38181.60
689    29405.52
690    18543.55
dtype: float64"
PAY00230,O00230,2024-05-17,"691    7993.09
dtype: float64"
PAY00231,O00231,2024-07-29,"692    29609.79
693     4044.72
694     7116.50
dtype: float64"
PAY00232,O00232,2025-02-04,"695    4981.55
696    5407.47
dtype: float64"
PAY00233,O00233,2025-02-14,"697    33532.38
698    29921.40
699     8536.44
700    10541.97
701    12342.36
dtype: float64"
PAY00234,O00234,2025-03-15,"702    26886.60
703     4291.06
dtype: float64"
PAY00235,O00235,2024-09-27,"704    18299.34
dtype: float64"
PAY00236,O00236,2024-08-29,"705     8787.09
706    24772.44
707    42910.60
708    15291.30
709    35389.20
dtype: float64"
PAY00237,O00237,2025-04-08,"710    26365.20
711    11775.72
712     2352.22
713     4205.81
714    45743.70
dtype: float64"
PAY00238,O00238,2025-02-12,"715    5632.9
dtype: float64"
PAY00239,O00239,2024-11-01,"716     8970.10
717    29609.79
718     3379.74
719     8622.60
720     3084.74
dtype: float64"
PAY00240,O00240,2024-08-01,"721    23899.2
dtype: float64"
PAY00241,O00241,2025-02-24,"722     8594.40
723     1422.74
724    12492.24
725    36402.48
dtype: float64"
PAY00242,O00242,2024-04-14,"726    27524.34
727     5404.02
728    17663.58
729     3443.46
730    10778.25
dtype: float64"
PAY00243,O00243,2024-08-06,"731    14937.00
732     7307.85
733    12859.40
734    28167.04
dtype: float64"
PAY00244,O00244,2025-01-22,"735     7351.38
736    27409.90
737    12707.37
738    33532.38
dtype: float64"
PAY00245,O00245,2024-08-10,"739    10996.65
740     9148.74
741     3604.98
dtype: float64"
PAY00246,O00246,2025-03-02,"742     6111.70
743    34363.44
744    21971.00
dtype: float64"
PAY00247,O00247,2024-12-03,"745    35389.2
dtype: float64"
PAY00248,O00248,2024-11-29,"746    14834.84
747     5233.88
dtype: float64"
PAY00249,O00249,2024-12-25,"748    33312.64
dtype: float64"
PAY00250,O00250,2024-10-19,"749      667.65
750    22503.95
dtype: float64"
PAY00251,O00251,2025-03-17,"751      324.54
752     5974.80
753    20570.60
754    12233.04
dtype: float64"
PAY00252,O00252,2024-06-14,"755    3925.41
dtype: float64"
PAY00253,O00253,2024-10-02,"756    19186.93
757    10399.76
dtype: float64"
PAY00254,O00254,2024-11-08,"758    4077.20
759    1335.30
760    4485.05
dtype: float64"
PAY00255,O00255,2024-10-23,"761     3925.24
762     4800.42
763     9149.67
764    34328.48
765    23951.70
dtype: float64"
PAY00256,O00256,2024-08-28,"766     1112.75
767    30582.60
dtype: float64"
PAY00257,O00257,2024-08-25,"768    15089.55
769     7993.09
dtype: float64"
PAY00258,O00258,2024-11-17,"770      767.22
771     7205.36
772    17924.40
dtype: float64"
PAY00259,O00259,2025-01-31,"773    19161.36
dtype: float64"
PAY00260,O00260,2024-11-07,"774     2199.33
775     2869.55
776    25379.82
dtype: float64"
PAY00261,O00261,2024-09-10,"777    2630.00
778    3513.99
dtype: float64"
PAY00262,O00262,2024-10-12,"779    13704.95
780     4800.42
781    40447.20
782     5690.96
783    12338.96
dtype: float64"
PAY00263,O00263,2025-04-11,"784     9668.70
785     9778.72
786    31850.28
787    16656.32
dtype: float64"
PAY00264,O00264,2024-08-22,"788     2845.48
789    10139.22
dtype: float64"
PAY00265,O00265,2025-03-15,"790    10584.99
791     2104.00
792     8970.10
793     4734.00
794     9644.55
dtype: float64"
PAY00266,O00266,2024-06-22,"795    11418.70
796    23432.24
797     2845.48
dtype: float64"
PAY00267,O00267,2025-01-05,"798     4574.37
799    26361.27
800    34328.48
801    14645.15
dtype: float64"
PAY00268,O00268,2024-07-18,"802    486.12
dtype: float64"
PAY00269,O00269,2024-11-22,"803    5382.06
804    7417.42
dtype: float64"
PAY00270,O00270,2024-09-14,"805    5481.98
dtype: float64"
PAY00271,O00271,2024-07-13,"806    1802.49
dtype: float64"
PAY00272,O00272,2025-03-18,"807    28313.04
808    12342.36
dtype: float64"
PAY00273,O00273,2025-02-11,"809    18347.40
810     3925.41
811     4269.90
812     2845.48
dtype: float64"
PAY00274,O00274,2024-09-21,"813     2430.60
814    24399.12
815    18513.54
816    30759.40
817    11001.06
dtype: float64"
PAY00275,O00275,2024-05-06,"818     7307.85
819    14702.76
dtype: float64"
PAY00276,O00276,2024-08-14,"820    9099.79
dtype: float64"
PAY00277,O00277,2025-02-02,"821    2923.14
dtype: float64"
PAY00278,O00278,2024-10-18,"822     9099.79
823     9012.64
824     4704.44
825    33378.39
826     4889.36
dtype: float64"
PAY00279,O00279,2025-01-12,"827    5371.5
dtype: float64"
PAY00280,O00280,2025-03-30,"828     1721.73
829    10139.22
830     3602.68
831    21407.82
832     2869.55
dtype: float64"
PAY00281,O00281,2025-02-21,"833    32148.5
dtype: float64"
PAY00282,O00282,2024-09-13,"834    24677.92
835     4438.71
dtype: float64"
PAY00283,O00283,2024-09-15,"836     9883.51
837     1721.73
838    37476.72
839     8594.40
dtype: float64"
PAY00284,O00284,2024-12-24,"840    4591.28
841    1176.11
dtype: float64"
PAY00285,O00285,2025-02-15,"842     8228.24
843    19289.10
844     6099.78
845    11692.56
dtype: float64"
PAY00286,O00286,2025-02-23,"846    7850.48
dtype: float64"
PAY00287,O00287,2024-12-25,"847     1423.30
848    14155.68
849    12999.70
dtype: float64"
PAY00288,O00288,2024-06-09,"850    15272.64
851    15272.64
852     2616.94
853     4591.28
854     5233.88
dtype: float64"
PAY00289,O00289,2024-10-21,"855     9408.88
856     4375.08
857    21125.28
858    15291.30
859     3004.15
dtype: float64"
PAY00290,O00290,2024-05-02,"860     4800.42
861     1298.16
862    27446.22
863    25379.82
864    28313.04
dtype: float64"
PAY00291,O00291,2024-06-02,"865    14270.20
866     6111.70
867      667.65
868    12859.40
869     6759.48
dtype: float64"
PAY00292,O00292,2024-10-28,"870     5382.06
871     7307.85
872    25718.80
873    17594.64
dtype: float64"
PAY00293,O00293,2024-11-28,"874    12689.91
875    33081.21
dtype: float64"
PAY00294,O00294,2024-08-25,"876     1308.47
877    28933.65
dtype: float64"
PAY00295,O00295,2025-03-21,"878    2199.33
dtype: float64"
PAY00296,O00296,2024-05-23,"879    16656.32
dtype: float64"
PAY00297,O00297,2025-03-25,"880    1335.30
881    4291.06
dtype: float64"
PAY00298,O00298,2025-03-09,"882     1308.47
883    24455.61
884     1112.75
885    17663.58
886    20820.40
dtype: float64"
PAY00299,O00299,2024-10-07,"887     9148.74
888     8106.03
889    13723.11
890     5233.88
891     4685.32
dtype: float64"
PAY00300,O00300,2024-05-22,"892    11692.56
893    36756.90
894     5647.72
895     2104.00
896    10996.65
dtype: float64"
PAY00301,O00301,2024-11-07,"897    2717.29
dtype: float64"
PAY00302,O00302,2025-04-02,"898     2134.95
899     6429.70
900    29669.68
901     1557.85
dtype: float64"
PAY00303,O00303,2024-10-07,"902    8073.09
903    1141.87
904    1022.96
dtype: float64"
PAY00304,O00304,2024-04-25,"905     3245.40
906     3708.71
907     1578.00
908    16445.94
909      800.07
dtype: float64"
PAY00305,O00305,2025-01-20,"910    10743.00
911    17576.80
912    43942.00
913    19186.93
914     5407.47
dtype: float64"
PAY00306,O00306,2024-06-09,"915    11001.06
916    18299.34
917     4986.90
918     8459.94
dtype: float64"
PAY00307,O00307,2024-09-19,"919    43942.0
920    36756.9
dtype: float64"
PAY00308,O00308,2025-03-21,"921    10399.76
922    19161.36
923    29921.40
dtype: float64"
PAY00309,O00309,2024-12-29,"924    44387.10
925     4503.35
926     3602.68
927      511.48
dtype: float64"
PAY00310,O00310,2024-06-13,"928     7520.10
929     7056.66
930    18508.44
dtype: float64"
PAY00311,O00311,2024-05-09,"931    1112.75
dtype: float64"
PAY00312,O00312,2024-10-11,"932    28313.04
933     9370.64
934     2301.66
dtype: float64"
PAY00313,O00313,2025-02-17,"935    24984.48
936     9099.79
937     3675.69
938     1278.70
939     7886.06
dtype: float64"
PAY00314,O00314,2024-07-21,"940    38069.73
dtype: float64"
PAY00315,O00315,2024-08-28,"941     5887.86
942     2845.48
943     6466.95
944    33532.38
945    23951.70
dtype: float64"
PAY00316,O00316,2024-12-15,"946    15552.12
947     4208.00
948    14615.70
dtype: float64"
PAY00317,O00317,2025-01-04,"949     2929.03
950    21349.23
dtype: float64"
PAY00318,O00318,2024-09-11,"951     7116.50
952     6115.80
953    14645.15
954    26632.26
955    43942.00
dtype: float64"
PAY00319,O00319,2024-12-28,"956     2271.78
957    12933.90
dtype: float64"
PAY00320,O00320,2024-05-13,"958    14399.42
959     8471.58
960     6116.52
961     6008.30
dtype: float64"
PAY00321,O00321,2025-03-12,"962    19947.60
963    17245.20
964    20223.60
965     2599.94
966    29609.79
dtype: float64"
PAY00322,O00322,2024-08-23,"967    21349.23
968     4017.37
969     2923.14
970     8594.40
dtype: float64"
PAY00323,O00323,2025-03-14,"971     7886.06
972    17663.58
973     2740.99
974    12231.60
dtype: float64"
PAY00324,O00324,2025-01-02,"975     3379.74
976    13084.70
977     1171.33
978    14615.70
979     6304.69
dtype: float64"
PAY00325,O00325,2025-03-17,"980    10285.30
981    17754.84
982     2002.95
dtype: float64"
PAY00326,O00326,2024-11-04,"983    32148.50
984    12804.66
985    10562.64
986     4269.90
987      324.54
dtype: float64"
PAY00327,O00327,2024-09-14,"988    1201.66
dtype: float64"
PAY00328,O00328,2024-08-20,"989    14702.76
990    33081.21
dtype: float64"
PAY00329,O00329,2024-12-10,"991    1947.24
992    8877.42
993    7113.70
dtype: float64"
PAY00330,O00330,2025-01-22,"994    7799.82
dtype: float64"
PAY00331,O00331,2025-03-20,"995    2702.01
dtype: float64"
PAY00332,O00332,2025-02-08,"996    25746.36
997    28933.65
dtype: float64"
PAY00333,O00333,2024-10-23,"998     24646.16
999     29148.56
1000     2987.40
1001    27172.90
dtype: float64"
PAY00334,O00334,2025-03-24,"1002     2253.16
1003     4861.20
1004     2352.22
1005    34363.44
dtype: float64"
PAY00335,O00335,2024-11-07,"1006    24466.08
1007    26361.27
1008    28742.04
dtype: float64"
PAY00336,O00336,2024-04-28,"1009    35389.20
1010     3379.74
1011    18378.45
1012    11418.70
dtype: float64"
PAY00337,O00337,2024-12-11,"1013    5404.02
dtype: float64"
PAY00338,O00338,2024-05-15,"1014     1721.73
1015    26886.60
dtype: float64"
PAY00339,O00339,2024-07-15,"1016    10139.22
1017     2691.03
1018    39948.39
1019    11664.09
dtype: float64"
PAY00340,O00340,2024-12-17,"1020    1074.30
1021    3443.46
1022    2929.03
dtype: float64"
PAY00341,O00341,2025-01-02,"1023    26886.60
1024     4375.08
dtype: float64"
PAY00342,O00342,2025-04-02,"1025    12492.24
1026     7776.06
1027    11761.10
1028     2929.03
dtype: float64"
PAY00343,O00343,2024-07-31,"1029     5407.47
1030    23951.70
dtype: float64"
PAY00344,O00344,2024-07-14,"1031     8970.10
1032     8089.44
1033    19440.15
1034    38619.54
dtype: float64"
PAY00345,O00345,2025-01-30,"1035     8788.40
1036    14834.84
1037     5880.55
1038     3214.85
1039    39895.20
dtype: float64"
PAY00346,O00346,2024-05-18,"1040    4077.20
1041    1022.96
1042    8154.40
dtype: float64"
PAY00347,O00347,2024-10-02,"1043     5690.96
1044     8154.40
1045     3538.92
1046    44387.10
1047    21233.52
dtype: float64"
PAY00348,O00348,2024-05-18,"1048     5632.90
1049    10778.25
1050    20570.60
dtype: float64"
PAY00349,O00349,2025-02-02,"1051    4986.90
1052    4503.35
1053     767.22
1054    6171.18
1055    5647.72
dtype: float64"
PAY00350,O00350,2024-12-12,"1056    35153.60
1057    12134.16
1058     9006.70
dtype: float64"
PAY00351,O00351,2025-01-12,"1059    6169.48
1060    4981.55
1061    4734.00
dtype: float64"
PAY00352,O00352,2025-03-24,"1062    11381.92
1063    12231.60
1064    29290.30
dtype: float64"
PAY00353,O00353,2024-05-24,"1065    33839.76
dtype: float64"
PAY00354,O00354,2024-10-02,"1066    7993.09
1067    5647.72
1068    3888.96
dtype: float64"
PAY00355,O00355,2024-06-14,"1069    43942.00
1070    24466.08
1071     5382.06
dtype: float64"
PAY00356,O00356,2025-01-13,"1072    29669.68
dtype: float64"
PAY00357,O00357,2024-08-14,"1073    8222.97
dtype: float64"
PAY00358,O00358,2025-03-30,"1074      667.65
1075    10996.65
1076    11454.48
1077     7113.70
dtype: float64"
PAY00359,O00359,2024-04-24,"1078    4384.71
1079     711.65
1080    9159.29
dtype: float64"
PAY00360,O00360,2024-04-30,"1081    8459.94
1082    2444.68
1083    4438.71
dtype: float64"
PAY00361,O00361,2024-08-20,"1084      526.00
1085     6759.48
1086     8582.12
1087    20503.21
dtype: float64"
PAY00362,O00362,2025-02-18,"1088     649.08
1089    7041.76
dtype: float64"
PAY00363,O00363,2024-05-01,"1090    2134.95
1091    1802.49
1092     972.24
dtype: float64"
PAY00364,O00364,2024-08-05,"1093      667.65
1094    19021.03
1095    29290.30
1096    33839.76
1097    12338.96
dtype: float64"
PAY00365,O00365,2024-09-03,"1098    2148.6
dtype: float64"
PAY00366,O00366,2024-09-11,"1099     7351.38
1100    17754.84
1101    12707.37
1102    14615.70
dtype: float64"
PAY00367,O00367,2024-09-27,"1103     2403.32
1104    19793.97
1105    12999.70
1106    10276.83
1107     8154.40
dtype: float64"
PAY00368,O00368,2024-06-05,"1108     4806.64
1109    25960.97
1110     1600.14
1111     8797.32
dtype: float64"
PAY00369,O00369,2024-07-16,"1112    3682.00
1113    8000.70
1114    1557.85
1115    4269.90
1116    5165.19
dtype: float64"
PAY00370,O00370,2024-11-12,"1117    8089.44
1118    2199.33
dtype: float64"
PAY00371,O00371,2024-09-23,"1119    890.2
dtype: float64"
PAY00372,O00372,2024-11-16,"1120    15395.31
dtype: float64"
PAY00373,O00373,2025-01-03,"1121    21593.18
1122     8582.12
1123    37476.72
dtype: float64"
PAY00374,O00374,2025-02-20,"1124     3222.90
1125     2301.66
1126     3156.00
1127    19186.93
1128    20570.60
dtype: float64"
PAY00375,O00375,2024-06-26,"1129    4017.37
dtype: float64"
PAY00376,O00376,2024-06-22,"1130    25960.97
1131      511.48
dtype: float64"
PAY00377,O00377,2024-06-18,"1132    10616.76
1133      573.91
1134     3667.02
1135     9778.72
1136     7027.98
dtype: float64"
PAY00378,O00378,2024-05-18,"1137     7059.65
1138     8459.94
1139     2155.65
1140    18299.34
1141     9883.51
dtype: float64"
PAY00379,O00379,2024-12-05,"1142    3156.00
1143    1176.11
1144    7176.08
1145    5260.00
1146    8787.09
dtype: float64"
PAY00380,O00380,2025-03-24,"1147    14615.70
1148     2342.66
dtype: float64"
PAY00381,O00381,2024-09-14,"1149      667.65
1150     3425.61
1151      222.55
1152    33378.39
1153     4981.55
dtype: float64"
PAY00382,O00382,2024-12-16,"1154     2923.14
1155    13084.70
1156     3443.46
dtype: float64"
PAY00383,O00383,2025-01-10,"1157     6304.69
1158     7417.42
1159    28167.04
1160    21455.30
1161    18543.55
dtype: float64"
PAY00384,O00384,2024-07-21,"1162    3214.85
dtype: float64"
PAY00385,O00385,2024-10-29,"1163    6008.30
1164    5647.72
dtype: float64"
PAY00386,O00386,2025-04-01,"1165     4506.32
1166    34992.27
1167    16178.88
dtype: float64"
PAY00387,O00387,2024-11-23,"1168    2740.99
dtype: float64"
PAY00388,O00388,2024-06-13,"1169    25729.83
1170    21971.00
1171     4077.20
1172     8797.32
1173     2002.95
dtype: float64"
PAY00389,O00389,2024-07-11,"1174     7776.06
1175     3708.71
1176    19947.60
1177    10584.99
dtype: float64"
PAY00390,O00390,2024-10-07,"1178    26361.27
1179     3667.02
1180     7886.06
dtype: float64"
PAY00391,O00391,2024-12-15,"1181     5382.06
1182    31070.97
1183    12342.36
1184    21125.28
1185    38322.72
dtype: float64"
PAY00392,O00392,2024-07-21,"1186    5260.00
1187    7636.32
dtype: float64"
PAY00393,O00393,2024-10-14,"1188    17245.2
dtype: float64"
PAY00394,O00394,2024-07-21,"1189    24399.12
1190    18378.45
1191     8089.44
1192     5858.06
dtype: float64"
PAY00395,O00395,2025-01-01,"1193    26365.20
1194     4268.22
1195     7417.42
dtype: float64"
PAY00396,O00396,2024-04-17,"1196    2057.06
1197    2430.60
dtype: float64"
PAY00397,O00397,2025-03-28,"1198    10399.76
1199    37476.72
dtype: float64"
PAY00398,O00398,2025-02-26,"1200     5846.28
1201      973.62
1202    18297.48
1203    21349.23
1204     1335.30
dtype: float64"
PAY00399,O00399,2024-10-07,"1205    5632.9
dtype: float64"
PAY00400,O00400,2025-04-04,"1206    19947.6
dtype: float64"
PAY00401,O00401,2024-08-07,"1207    9148.74
1208     255.74
1209    9134.96
1210    4574.37
dtype: float64"
PAY00402,O00402,2025-01-07,"1211    26632.26
1212    16919.88
1213    11664.09
1214     2430.60
1215    22193.55
dtype: float64"
PAY00403,O00403,2024-11-12,"1216     5199.88
1217    17694.60
dtype: float64"
PAY00404,O00404,2024-06-20,"1218    5600.49
1219    1298.16
1220    2301.66
1221    1944.48
dtype: float64"
PAY00405,O00405,2024-05-16,"1222    11295.44
1223    29921.40
1224    14119.30
1225    33081.21
1226    19289.10
dtype: float64"
PAY00406,O00406,2024-10-05,"1227    10778.25
1228      573.91
1229    30545.28
dtype: float64"
PAY00407,O00407,2024-08-22,"1230     8089.44
1231    19947.60
1232     8228.24
dtype: float64"
PAY00408,O00408,2024-11-30,"1233    32020.59
1234     7850.82
1235    11126.13
1236    14960.70
1237    15272.64
dtype: float64"
PAY00409,O00409,2024-08-14,"1238     4574.37
1239     8536.44
1240    13084.70
dtype: float64"
PAY00410,O00410,2024-12-24,"1241     7176.08
1242    26886.60
dtype: float64"
PAY00411,O00411,2024-10-01,"1243    15552.12
1244     2557.40
dtype: float64"
PAY00412,O00412,2025-01-03,"1245    1962.62
dtype: float64"
PAY00413,O00413,2024-07-21,"1246    22908.96
1247     3049.89
1248     1176.11
1249     3925.41
1250    11418.70
dtype: float64"
PAY00414,O00414,2024-10-10,"1251    24268.32
1252     2283.74
dtype: float64"
PAY00415,O00415,2025-03-10,"1253     7886.06
1254    24466.08
1255    18349.56
1256     6171.18
dtype: float64"
PAY00416,O00416,2024-08-09,"1257     4268.22
1258    19186.93
1259     7059.65
1260    17604.40
1261     3379.74
dtype: float64"
PAY00417,O00417,2024-06-27,"1262    21993.3
dtype: float64"
PAY00418,O00418,2024-09-16,"1263    12999.70
1264     7077.84
1265    21927.92
1266     6171.18
1267    21125.28
dtype: float64"
PAY00419,O00419,2025-03-15,"1268    21125.28
dtype: float64"
PAY00420,O00420,2024-10-21,"1269    26365.2
dtype: float64"
PAY00421,O00421,2024-05-28,"1270    19161.36
dtype: float64"
PAY00422,O00422,2024-07-16,"1271    7351.38
dtype: float64"
PAY00423,O00423,2024-09-13,"1272    29669.68
dtype: float64"
PAY00424,O00424,2024-11-18,"1273    18513.54
1274     5600.49
1275     7776.06
1276     5693.20
dtype: float64"
PAY00425,O00425,2024-08-30,"1277    2155.65
1278    2630.00
dtype: float64"
PAY00426,O00426,2024-11-19,"1279    33532.38
1280     3513.99
1281     7351.38
dtype: float64"
PAY00427,O00427,2024-08-06,"1282    30582.6
dtype: float64"
PAY00428,O00428,2025-01-12,"1283    13316.13
dtype: float64"
PAY00429,O00429,2024-08-10,"1284     9668.70
1285    10541.97
1286    19090.80
1287    14937.00
dtype: float64"
PAY00430,O00430,2024-04-25,"1288    2301.66
1289    3888.96
dtype: float64"
PAY00431,O00431,2025-03-03,"1290    4981.55
dtype: float64"
PAY00432,O00432,2024-12-21,"1291     8788.40
1292     3084.74
1293    15552.12
dtype: float64"
PAY00433,O00433,2024-09-16,"1294    14399.42
1295     2596.32
1296     9370.64
dtype: float64"
PAY00434,O00434,2024-07-28,"1297     1790.18
1298    19289.10
1299     8962.20
dtype: float64"
PAY00435,O00435,2024-04-18,"1300    38322.72
dtype: float64"
PAY00436,O00436,2024-11-16,"1301    13182.60
1302     1794.02
dtype: float64"
PAY00437,O00437,2025-03-20,"1303    18297.48
1304    37476.72
1305     1222.34
dtype: float64"
PAY00438,O00438,2025-01-01,"1306    33312.64
1307     9813.10
1308     4077.20
1309     2271.78
1310      800.07
dtype: float64"
PAY00439,O00439,2025-02-09,"1311    10467.76
1312    13723.11
1313     2702.01
1314    12338.96
1315    12199.56
dtype: float64"
PAY00440,O00440,2025-01-30,"1316    31070.97
dtype: float64"
PAY00441,O00441,2024-04-30,"1317    8788.40
1318    2923.14
dtype: float64"
PAY00442,O00442,2025-04-01,"1319     4861.20
1320    30582.60
1321    43113.06
1322    20503.21
1323     4077.20
dtype: float64"
PAY00443,O00443,2024-12-04,"1324    2148.60
1325    2253.16
dtype: float64"
PAY00444,O00444,2025-01-26,"1326    12707.37
dtype: float64"
PAY00445,O00445,2024-10-24,"1327    14371.02
1328    13586.45
1329     6279.07
1330      973.62
dtype: float64"
PAY00446,O00446,2025-03-03,"1331     1422.74
1332    33312.64
1333     2430.60
1334    12231.60
1335     1422.74
dtype: float64"
PAY00447,O00447,2025-03-28,"1336    1147.82
1337    4567.48
1338    3425.61
dtype: float64"
PAY00448,O00448,2025-04-05,"1339     8089.44
1340    12233.04
1341    33839.76
1342    14155.68
dtype: float64"
PAY00449,O00449,2024-08-09,"1343     3667.02
1344     4077.20
1345    21971.00
1346    38619.54
dtype: float64"
PAY00450,O00450,2025-02-06,"1347    14119.30
1348     1962.62
dtype: float64"
PAY00451,O00451,2025-02-14,"1349     2038.60
1350    15272.64
dtype: float64"
PAY00452,O00452,2024-07-15,"1351    29669.68
1352     6404.85
1353    20911.80
1354     1423.30
dtype: float64"
PAY00453,O00453,2024-12-07,"1355    11692.56
dtype: float64"
PAY00454,O00454,2025-02-15,"1356     6466.95
1357    10193.00
1358     2253.16
1359    18378.45
dtype: float64"
PAY00455,O00455,2024-09-02,"1360    14834.84
1361     4567.48
1362    16178.88
1363    19090.80
dtype: float64"
PAY00456,O00456,2024-07-14,"1364    34328.48
1365     6115.80
1366     6171.18
1367    14227.40
dtype: float64"
PAY00457,O00457,2024-12-18,"1368     7307.85
1369    22871.85
dtype: float64"
PAY00458,O00458,2024-06-26,"1370    10276.83
1371    29290.30
1372    26727.12
1373     5739.10
dtype: float64"
PAY00459,O00459,2024-12-10,"1374    25746.36
dtype: float64"
PAY00460,O00460,2024-07-17,"1375    21233.52
1376     3004.15
1377     5856.65
1378     2630.00
1379    19947.60
dtype: float64"
PAY00461,O00461,2025-01-05,"1380    24268.32
1381     2400.21
1382     4574.37
1383    36594.96
1384    17694.60
dtype: float64"
PAY00462,O00462,2025-01-31,"1385    16656.32
1386    25379.82
1387     4506.32
1388    44882.10
dtype: float64"
PAY00463,O00463,2025-01-19,"1389    11776.23
1390     2702.01
1391    21455.30
1392     2283.74
dtype: float64"
PAY00464,O00464,2025-02-02,"1393    11001.06
1394    12689.91
dtype: float64"
PAY00465,O00465,2024-12-27,"1395    13586.45
1396    24646.16
1397    21125.28
dtype: float64"
PAY00466,O00466,2025-01-07,"1398     1126.58
1399     3245.40
1400    11713.30
dtype: float64"
PAY00467,O00467,2025-03-04,"1401    1298.16
dtype: float64"
PAY00468,O00468,2024-06-03,"1402    14270.2
dtype: float64"
PAY00469,O00469,2024-12-18,"1403    16656.32
1404    12231.60
1405     7520.10
dtype: float64"
PAY00470,O00470,2024-05-26,"1406     6445.80
1407     6115.80
1408    17924.40
1409      255.74
dtype: float64"
PAY00471,O00471,2025-04-02,"1410    38322.72
1411     8089.44
1412     6466.95
1413    40447.20
dtype: float64"
PAY00472,O00472,2024-12-10,"1414    16656.32
1415    12342.36
1416      486.12
1417     7799.82
dtype: float64"
PAY00473,O00473,2024-12-27,"1418    17924.40
1419     4503.35
1420     9254.22
1421     2923.14
1422     9959.18
dtype: float64"
PAY00474,O00474,2024-05-02,"1423     5165.19
1424     5260.00
1425    33378.39
1426    13195.98
1427    20503.21
dtype: float64"
PAY00475,O00475,2024-08-16,"1428    22054.14
1429     5233.88
dtype: float64"
PAY00476,O00476,2025-02-11,"1430      222.55
1431    35208.80
1432    44882.10
1433    11454.48
dtype: float64"
PAY00477,O00477,2024-09-29,"1434     5880.55
1435    12707.37
1436     7116.50
dtype: float64"
PAY00478,O00478,2024-04-22,"1437    34908.30
1438     7205.36
1439    19021.03
1440      445.10
1441    12804.66
dtype: float64"
PAY00479,O00479,2024-11-21,"1442     8232.77
1443     7636.32
1444    12804.66
1445     1112.75
dtype: float64"
PAY00480,O00480,2024-09-04,"1446     5880.55
1447     8328.16
1448     1600.14
1449    34328.48
1450    14155.68
dtype: float64"
PAY00481,O00481,2025-01-24,"1451    16178.88
1452    26365.20
dtype: float64"
PAY00482,O00482,2024-06-01,"1453     4806.64
1454     7799.82
1455    15552.12
1456     3818.16
dtype: float64"
PAY00483,O00483,2024-05-17,"1457    13084.7
dtype: float64"
PAY00484,O00484,2025-03-29,"1458     2148.60
1459     1278.70
1460    17164.24
1461    33839.76
dtype: float64"
PAY00485,O00485,2024-08-09,"1462      324.54
1463     1278.70
1464    12933.90
dtype: float64"
PAY00486,O00486,2024-08-14,"1465    4438.71
1466    1171.33
1467    3425.61
dtype: float64"
PAY00487,O00487,2025-01-29,"1468    30582.60
1469     4000.35
dtype: float64"
PAY00488,O00488,2024-09-27,"1470    4269.9
dtype: float64"
PAY00489,O00489,2024-06-27,"1471    33312.64
dtype: float64"
PAY00490,O00490,2024-07-02,"1472     4268.22
1473      649.08
1474    13316.13
1475      800.07
dtype: float64"
PAY00491,O00491,2024-06-01,"1476    41640.8
dtype: float64"
PAY00492,O00492,2025-02-10,"1477     2702.01
1478    23899.20
1479     5693.20
1480     7351.38
1481     9099.79
dtype: float64"
PAY00493,O00493,2024-11-15,"1482    3156.0
dtype: float64"
PAY00494,O00494,2025-03-16,"1483    24268.32
1484     8073.09
1485     8073.09
1486    20570.60
1487     1801.34
dtype: float64"
PAY00495,O00495,2024-09-07,"1488    27216.21
1489     2702.01
dtype: float64"
PAY00496,O00496,2024-11-02,"1490    11126.13
1491     5434.58
1492     8594.40
1493     6851.22
1494     4567.48
dtype: float64"
PAY00497,O00497,2024-10-25,"1495    25960.97
1496    14083.52
1497     5434.58
dtype: float64"
PAY00498,O00498,2025-04-05,"1498     9148.74
1499    23432.24
1500     1141.87
1501     5858.06
dtype: float64"
PAY00499,O00499,2024-07-30,"1502    12999.70
1503    16074.25
1504    39547.80
1505    12707.37
dtype: float64"
PAY00500,O00500,2025-02-27,"1506    17594.64
1507     4269.90
1508    33378.39
1509    35208.80
dtype: float64"
PAY00501,O00501,2024-06-21,"1510     4704.44
1511      711.65
1512    17574.18
1513     1534.44
dtype: float64"
PAY00502,O00502,2024-07-24,"1514    9644.55
1515    5693.20
1516    3513.99
dtype: float64"
PAY00503,O00503,2025-04-02,"1517     8199.31
1518    14155.68
1519    23899.20
1520    10963.96
dtype: float64"
PAY00504,O00504,2025-03-05,"1521    11713.30
1522     8328.16
1523    21927.92
dtype: float64"
PAY00505,O00505,2024-10-24,"1524    15395.31
1525    30498.90
1526    31104.24
1527    17663.58
1528    11126.13
dtype: float64"
PAY00506,O00506,2025-02-26,"1529    12933.90
1530    41169.33
1531     8199.31
1532    19021.03
1533    35389.20
dtype: float64"
PAY00507,O00507,2024-08-02,"1534    23951.70
1535    16456.48
dtype: float64"
PAY00508,O00508,2025-01-31,"1536    37476.72
1537     5880.55
dtype: float64"
PAY00509,O00509,2025-03-20,"1538    20386.00
1539     5880.55
1540    16445.94
1541     9254.22
1542    11454.48
dtype: float64"
PAY00510,O00510,2024-08-26,"1543    14227.40
1544    21407.82
1545    10541.97
1546    18378.45
1547    27216.21
dtype: float64"
PAY00511,O00511,2025-02-22,"1548     3513.99
1549     2430.60
1550    18543.55
1551    11126.13
1552     4790.34
dtype: float64"
PAY00512,O00512,2024-06-02,"1553    30545.28
1554     6429.70
1555    36756.90
dtype: float64"
PAY00513,O00513,2024-10-17,"1556    10193.00
1557     1222.34
1558     6279.07
1559    24646.16
1560     9883.51
dtype: float64"
PAY00514,O00514,2024-05-10,"1561     8228.24
1562    37087.10
1563     9778.72
dtype: float64"
PAY00515,O00515,2024-06-08,"1564     4889.36
1565    16074.25
1566    28311.36
dtype: float64"
PAY00516,O00516,2025-02-06,"1567    8962.2
dtype: float64"
PAY00517,O00517,2024-07-16,"1568     5856.65
1569     3708.71
1570    28742.04
1571    38322.72
1572     6466.95
dtype: float64"
PAY00518,O00518,2025-03-10,"1573    27409.9
1574     5632.9
dtype: float64"
PAY00519,O00519,2025-01-04,"1575    28933.65
1576     1052.00
1577    10584.99
1578     5887.86
1579    15395.31
dtype: float64"
PAY00520,O00520,2025-01-24,"1580    20820.40
1581    14702.76
1582     8000.70
1583     8106.03
1584    24466.08
dtype: float64"
PAY00521,O00521,2025-01-01,"1585    7027.98
dtype: float64"
PAY00522,O00522,2024-09-20,"1586    13084.70
1587    14155.68
dtype: float64"
PAY00523,O00523,2025-03-07,"1588     2430.60
1589    12707.37
1590     5856.65
dtype: float64"
PAY00524,O00524,2025-02-17,"1591    17576.80
1592     4269.90
1593    41169.33
1594     5858.06
1595     7417.42
dtype: float64"
PAY00525,O00525,2024-11-13,"1596    13738.34
1597     6169.48
1598    15272.64
1599    27762.66
1600    26727.12
dtype: float64"
PAY00526,O00526,2024-08-30,"1601    3667.02
dtype: float64"
PAY00527,O00527,2024-05-24,"1602     5880.55
1603    11699.73
1604     1052.00
1605    21556.50
dtype: float64"
PAY00528,O00528,2025-02-12,"1606    24984.48
1607     2929.03
1608    29148.56
dtype: float64"
PAY00529,O00529,2024-09-19,"1609    19626.2
dtype: float64"
PAY00530,O00530,2024-04-18,"1610    18543.55
1611    11418.70
1612     7351.38
1613    21455.30
1614     4806.64
dtype: float64"
PAY00531,O00531,2024-07-30,"1615    30759.40
1616    11699.73
1617     5371.50
1618    11454.48
dtype: float64"
PAY00532,O00532,2024-11-06,"1619    6597.99
1620     445.10
1621    2038.60
dtype: float64"
PAY00533,O00533,2024-06-06,"1622     6759.48
1623     7850.48
1624    15395.31
1625     5165.19
1626     3667.02
dtype: float64"
PAY00534,O00534,2024-10-11,"1627    14083.52
1628     8788.40
dtype: float64"
PAY00535,O00535,2024-09-04,"1629    10276.83
1630     2283.74
1631    13704.95
1632     9973.80
1633     1622.70
dtype: float64"
PAY00536,O00536,2025-01-01,"1634    25379.82
1635    23328.18
dtype: float64"
PAY00537,O00537,2025-01-31,"1636     4685.32
1637    21233.52
dtype: float64"
PAY00538,O00538,2025-01-03,"1638    30582.60
1639    16303.74
1640     8536.44
1641     7520.10
dtype: float64"
PAY00539,O00539,2024-07-29,"1642    2295.64
dtype: float64"
PAY00540,O00540,2024-11-30,"1643    38322.72
1644    29405.52
1645     7205.36
1646    18349.56
dtype: float64"
PAY00541,O00541,2024-09-06,"1647    7776.06
1648    5856.65
1649    8151.87
dtype: float64"
PAY00542,O00542,2025-02-26,"1650    9580.68
1651    1600.14
dtype: float64"
PAY00543,O00543,2024-12-15,"1652     3084.74
1653    41169.33
1654     4485.05
1655    36402.48
1656    34363.44
dtype: float64"
PAY00544,O00544,2025-04-10,"1657     7116.5
1658    17604.4
dtype: float64"
PAY00545,O00545,2024-09-01,"1659    17164.24
1660     2557.40
1661     2134.95
1662     2002.95
dtype: float64"
PAY00546,O00546,2024-05-24,"1663    3222.90
1664    7176.08
1665    5382.06
1666    2038.60
dtype: float64"
PAY00547,O00547,2025-01-01,"1667    31687.92
1668    28742.04
1669    24646.16
1670     7205.36
dtype: float64"
PAY00548,O00548,2024-07-18,"1671    7799.82
dtype: float64"
PAY00549,O00549,2024-10-16,"1672    21593.18
1673    33532.38
1674     7334.04
1675     8970.10
1676     1794.02
dtype: float64"
PAY00550,O00550,2024-04-27,"1677     4269.90
1678     7850.82
1679    34328.48
dtype: float64"
PAY00551,O00551,2024-12-16,"1680     1112.75
1681     3200.28
1682    13316.13
1683    10562.64
1684    12873.18
dtype: float64"
PAY00552,O00552,2025-03-24,"1685     9408.88
1686     9370.64
1687    28167.04
1688    18297.48
1689    42299.70
dtype: float64"
PAY00553,O00553,2024-11-18,"1690    11699.73
1691     3708.71
1692     8970.10
1693     6466.95
dtype: float64"
PAY00554,O00554,2024-08-24,"1694    10230.99
1695    29874.00
dtype: float64"
PAY00555,O00555,2025-04-08,"1696    10193.0
dtype: float64"
PAY00556,O00556,2024-12-04,"1697    23432.24
1698    14960.70
dtype: float64"
PAY00557,O00557,2024-07-06,"1699    31850.28
1700     7059.65
1701    13182.60
1702    17924.40
dtype: float64"
PAY00558,O00558,2024-12-24,"1703    10139.22
1704    24646.16
1705     1458.36
1706    11713.30
1707     7636.32
dtype: float64"
PAY00559,O00559,2024-05-08,"1708     2616.94
1709     2253.16
1710    16308.80
1711     5887.86
dtype: float64"
PAY00560,O00560,2024-12-21,"1712    26365.20
1713      800.07
1714    36402.48
1715    19021.03
1716     7850.48
dtype: float64"
PAY00561,O00561,2025-02-28,"1717    36756.90
1718     9148.74
1719     9159.29
1720    13182.60
dtype: float64"
PAY00562,O00562,2024-10-11,"1721    36402.48
1722     9159.29
1723     1278.70
1724     4506.32
dtype: float64"
PAY00563,O00563,2025-04-03,"1725    1794.02
dtype: float64"
PAY00564,O00564,2025-01-07,"1726    2846.6
dtype: float64"
PAY00565,O00565,2024-08-13,"1727    41640.80
1728     5856.65
1729    22193.55
dtype: float64"
PAY00566,O00566,2024-12-27,"1730     3588.04
1731    24772.44
1732    44882.10
1733     4375.08
dtype: float64"
PAY00567,O00567,2024-09-25,"1734     3558.25
1735    16074.25
dtype: float64"
PAY00568,O00568,2024-06-04,"1736     8089.44
1737     1944.48
1738    24399.12
dtype: float64"
PAY00569,O00569,2024-06-05,"1739     7027.98
1740    38619.54
dtype: float64"
PAY00570,O00570,2024-04-27,"1741    2155.65
dtype: float64"
PAY00571,O00571,2024-04-27,"1742     649.08
1743    7077.84
dtype: float64"
PAY00572,O00572,2024-08-14,"1744     4981.55
1745    24772.44
dtype: float64"
PAY00573,O00573,2024-10-26,"1746     4806.64
1747    16456.48
1748     3708.71
1749    16178.88
1750    19400.85
dtype: float64"
PAY00574,O00574,2024-05-25,"1751    11699.73
1752     4506.32
dtype: float64"
PAY00575,O00575,2024-05-23,"1753      900.67
1754    11027.07
dtype: float64"
PAY00576,O00576,2024-07-15,"1755    40447.20
1756    14702.76
1757     4375.08
dtype: float64"
PAY00577,O00577,2025-03-23,"1758    11776.23
dtype: float64"
PAY00578,O00578,2024-11-07,"1759     5233.88
1760    29405.52
1761    14399.42
1762    47903.40
1763     3538.92
dtype: float64"
PAY00579,O00579,2024-06-11,"1764     8328.16
1765    10541.97
dtype: float64"
PAY00580,O00580,2024-09-10,"1766    19793.97
1767    45743.70
1768    10996.65
dtype: float64"
PAY00581,O00581,2024-10-04,"1769    16456.48
1770     7176.08
1771    40447.20
1772     1222.34
dtype: float64"
PAY00582,O00582,2024-09-06,"1773    10230.99
dtype: float64"
PAY00583,O00583,2024-12-29,"1774     5404.02
1775    24646.16
dtype: float64"
PAY00584,O00584,2025-02-02,"1776    11775.72
1777     2352.22
1778    43113.06
1779     1802.49
1780     3888.96
dtype: float64"
PAY00585,O00585,2025-01-12,"1781    15272.64
1782     7176.08
1783    11949.60
dtype: float64"
PAY00586,O00586,2024-11-12,"1784     8154.40
1785    15272.64
dtype: float64"
PAY00587,O00587,2024-09-28,"1786     8594.40
1787    11713.30
1788     2740.99
dtype: float64"
PAY00588,O00588,2024-11-29,"1789    21993.30
1790     5709.35
1791     5693.20
1792     1721.73
1793     7200.63
dtype: float64"
PAY00589,O00589,2025-02-01,"1794    28167.04
1795     8073.09
1796     3708.71
1797    12707.37
dtype: float64"
PAY00590,O00590,2025-01-26,"1798    18347.40
1799    32357.76
1800    17574.18
1801     3049.89
dtype: float64"
PAY00591,O00591,2024-06-14,"1802     4269.9
1803    11713.3
dtype: float64"
PAY00592,O00592,2025-03-28,"1804    25718.8
1805    35208.8
dtype: float64"
PAY00593,O00593,2024-09-22,"1806    17924.40
1807    26632.26
1808    29148.56
dtype: float64"
PAY00594,O00594,2024-12-26,"1809     4311.30
1810    15249.45
1811     3588.04
1812    31687.92
dtype: float64"
PAY00595,O00595,2024-05-23,"1813     2987.40
1814    13723.11
1815    29609.79
1816     2596.32
dtype: float64"
PAY00596,O00596,2025-03-01,"1817    1962.62
1818    4017.37
1819    7776.06
1820    4384.71
1821    1141.87
dtype: float64"
PAY00597,O00597,2024-10-18,"1822     1947.24
1823    15423.70
1824    17574.18
dtype: float64"
PAY00598,O00598,2024-12-12,"1825    32148.50
1826    18297.48
1827    36756.90
1828    41640.80
1829    33081.21
dtype: float64"
PAY00599,O00599,2024-09-15,"1830    29405.52
1831     1801.34
1832    27216.21
dtype: float64"
PAY00600,O00600,2025-04-16,"1833     1947.24
1834    15395.31
1835    20386.00
dtype: float64"
PAY00601,O00601,2024-07-30,"1836     6851.22
1837     2630.00
1838    10778.25
1839    35208.80
dtype: float64"
PAY00602,O00602,2024-04-22,"1840    47903.40
1841    26361.27
1842    16308.80
1843     4981.55
dtype: float64"
PAY00603,O00603,2025-01-13,"1844     4567.48
1845    15249.45
dtype: float64"
PAY00604,O00604,2024-09-03,"1846    26727.12
dtype: float64"
PAY00605,O00605,2024-07-06,"1847    4208.0
dtype: float64"
PAY00606,O00606,2024-10-06,"1848    9099.79
dtype: float64"
PAY00607,O00607,2024-10-08,"1849    11713.3
dtype: float64"
PAY00608,O00608,2024-07-13,"1850    19021.03
dtype: float64"
PAY00609,O00609,2025-03-11,"1851    4384.71
1852    1802.49
dtype: float64"
PAY00610,O00610,2024-09-04,"1853    7799.82
1854    7205.36
dtype: float64"
PAY00611,O00611,2024-05-23,"1855    27409.90
1856    32148.50
1857    24399.12
1858    21993.30
1859    13738.34
dtype: float64"
PAY00612,O00612,2025-01-07,"1860     3443.46
1861    25729.83
1862     9813.10
1863    13723.11
1864    14645.15
dtype: float64"
PAY00613,O00613,2024-09-02,"1865    5887.86
dtype: float64"
PAY00614,O00614,2024-11-13,"1866    2596.32
1867    1112.75
1868    2740.99
dtype: float64"
PAY00615,O00615,2025-03-28,"1869     5647.72
1870     7886.06
1871    12707.37
1872    22503.95
dtype: float64"
PAY00616,O00616,2024-12-16,"1873    15089.55
1874    29609.79
dtype: float64"
PAY00617,O00617,2024-09-01,"1875     5260.0
1876    15423.7
1877    21455.3
dtype: float64"
PAY00618,O00618,2024-05-03,"1878    36594.96
1879    41640.80
1880     9134.96
1881    14937.00
1882     6008.30
dtype: float64"
PAY00619,O00619,2024-09-12,"1883    27524.34
1884     1074.30
dtype: float64"
PAY00620,O00620,2024-07-31,"1885    1802.49
dtype: float64"
PAY00621,O00621,2024-06-22,"1886    25379.82
1887    24646.16
1888     5371.50
1889    31104.24
dtype: float64"
PAY00622,O00622,2024-06-04,"1890    4268.22
1891    1299.97
1892    1278.70
1893    8556.38
dtype: float64"
PAY00623,O00623,2025-03-06,"1894      649.08
1895    11949.60
1896     7993.09
1897    36594.96
1898    17576.80
dtype: float64"
PAY00624,O00624,2025-02-26,"1899    5974.8
dtype: float64"
PAY00625,O00625,2024-10-07,"1900    1622.70
1901    8536.44
dtype: float64"
PAY00626,O00626,2024-05-22,"1902    11001.06
dtype: float64"
PAY00627,O00627,2024-12-26,"1903    7307.85
dtype: float64"
PAY00628,O00628,2024-07-11,"1904     1600.14
1905     8154.40
1906    26727.12
dtype: float64"
PAY00629,O00629,2024-12-24,"1907    10778.25
dtype: float64"
PAY00630,O00630,2024-12-19,"1908    1944.48
dtype: float64"
PAY00631,O00631,2024-11-27,"1909    9012.64
dtype: float64"
PAY00632,O00632,2024-04-18,"1910     6445.80
1911     4044.72
1912     1461.57
1913    23328.18
1914     4268.22
dtype: float64"
PAY00633,O00633,2024-05-02,"1915     8471.58
1916    24399.12
1917    14083.52
1918     4986.90
1919     9883.51
dtype: float64"
PAY00634,O00634,2025-02-12,"1920    11692.56
1921    11699.73
dtype: float64"
PAY00635,O00635,2024-08-21,"1922     7113.70
1923    29874.00
1924    26886.60
1925    11027.07
1926     8459.94
dtype: float64"
PAY00636,O00636,2024-07-15,"1927    26361.27
1928    27446.22
dtype: float64"
PAY00637,O00637,2024-05-31,"1929    36402.48
dtype: float64"
PAY00638,O00638,2025-02-13,"1930     4800.42
1931    35389.20
dtype: float64"
PAY00639,O00639,2024-11-17,"1932    29609.79
1933    10869.16
1934    17663.58
dtype: float64"
PAY00640,O00640,2024-07-03,"1935    24268.32
1936     2148.60
1937     1201.66
1938    37476.72
dtype: float64"
PAY00641,O00641,2024-05-14,"1939    11126.13
dtype: float64"
PAY00642,O00642,2025-03-01,"1940    30545.28
dtype: float64"
PAY00643,O00643,2025-02-03,"1941    9099.79
dtype: float64"
PAY00644,O00644,2024-11-14,"1942    19626.20
1943     2352.22
1944     1461.57
1945     2846.60
dtype: float64"
PAY00645,O00645,2024-06-29,"1946    16445.94
1947    39547.80
1948     2271.78
1949    18508.44
dtype: float64"
PAY00646,O00646,2024-11-25,"1950    21971.0
dtype: float64"
PAY00647,O00647,2024-07-06,"1951    21149.85
dtype: float64"
PAY00648,O00648,2025-02-20,"1952    8228.24
1953    2301.66
dtype: float64"
PAY00649,O00649,2025-03-13,"1954    29874.00
1955     8151.87
dtype: float64"
PAY00650,O00650,2024-07-19,"1956    29148.56
1957     2342.66
1958     9254.22
1959    11027.07
1960    26361.27
dtype: float64"
PAY00651,O00651,2024-08-17,"1961    18349.56
1962     9668.70
1963    29921.40
1964    17574.18
1965    25729.83
dtype: float64"
PAY00652,O00652,2025-02-10,"1966    30759.40
1967    27524.34
1968     7307.85
1969    19289.10
dtype: float64"
PAY00653,O00653,2024-06-16,"1970    2199.33
1971    2002.95
1972    3899.91
1973    3004.15
dtype: float64"
PAY00654,O00654,2025-02-11,"1974    24934.50
1975    34363.44
1976     5165.19
dtype: float64"
PAY00655,O00655,2025-03-30,"1977    16445.94
1978    10743.00
1979     5199.88
1980    14702.76
1981    15249.45
dtype: float64"
PAY00656,O00656,2024-11-30,"1982    8970.1
dtype: float64"
PAY00657,O00657,2024-04-15,"1983    33839.76
dtype: float64"
PAY00658,O00658,2024-08-02,"1984    43942.00
1985     7113.70
1986      897.01
1987    13084.70
dtype: float64"
PAY00659,O00659,2025-03-12,"1988    8471.58
dtype: float64"
PAY00660,O00660,2024-06-10,"1989    41640.80
1990     2038.60
1991    14270.20
1992     3520.88
dtype: float64"
PAY00661,O00661,2024-06-04,"1993     3708.71
1994    13738.34
1995     8594.40
1996    42910.60
1997    35208.80
dtype: float64"
PAY00662,O00662,2024-11-15,"1998    17604.4
dtype: float64"
PAY00663,O00663,2024-07-18,"1999    30498.90
2000      255.74
dtype: float64"
PAY00664,O00664,2025-02-22,"2001    14371.02
2002     3888.96
2003    39948.39
2004     5690.96
dtype: float64"
PAY00665,O00665,2024-06-25,"2005    10869.16
2006    11949.60
2007     7077.84
2008    21149.85
dtype: float64"
PAY00666,O00666,2024-05-28,"2009    21407.82
2010    16445.94
2011     1534.44
2012     3602.68
dtype: float64"
PAY00667,O00667,2024-12-23,"2013     6759.48
2014    12999.70
2015     4591.28
dtype: float64"
PAY00668,O00668,2025-03-13,"2016    11716.12
2017    10963.96
dtype: float64"
PAY00669,O00669,2024-04-22,"2018     1074.30
2019    16919.88
2020     2557.40
dtype: float64"
PAY00670,O00670,2024-06-02,"2021     1780.40
2022    11381.92
2023     1171.33
dtype: float64"
PAY00671,O00671,2024-04-18,"2024    11001.06
2025    34363.44
dtype: float64"
PAY00672,O00672,2024-08-30,"2026     3214.85
2027    21593.18
2028    49869.00
dtype: float64"
PAY00673,O00673,2025-02-18,"2029     3708.71
2030    17245.20
2031      600.83
2032     2823.86
2033    24772.44
dtype: float64"
PAY00674,O00674,2025-02-16,"2034    1801.34
2035    1308.47
2036    3558.25
dtype: float64"
PAY00675,O00675,2024-07-16,"2037    21125.28
2038     3888.96
2039    20570.60
2040     2301.66
dtype: float64"
PAY00676,O00676,2024-11-29,"2041    26886.60
2042     2057.06
dtype: float64"
PAY00677,O00677,2024-08-22,"2043    21927.92
2044     4017.37
dtype: float64"
PAY00678,O00678,2024-04-22,"2045    1335.3
2046    7113.7
dtype: float64"
PAY00679,O00679,2024-06-26,"2047     4790.34
2048     4734.00
2049     7307.85
2050     1944.48
2051    14960.70
dtype: float64"
PAY00680,O00680,2024-07-25,"2052    27172.90
2053     1022.96
2054     3402.84
2055     8228.24
dtype: float64"
PAY00681,O00681,2024-04-30,"2056    44387.10
2057     3443.46
dtype: float64"
PAY00682,O00682,2024-06-07,"2058     9149.67
2059    13586.45
2060    10139.22
2061     4268.22
2062    26727.12
dtype: float64"
PAY00683,O00683,2025-02-01,"2063    8151.87
2064    5382.06
dtype: float64"
PAY00684,O00684,2024-09-23,"2065     1962.62
2066     7056.66
2067    20911.80
2068    30759.40
2069     5371.50
dtype: float64"
PAY00685,O00685,2024-11-08,"2070     1074.3
2071    29874.0
2072    30498.9
dtype: float64"
PAY00686,O00686,2024-05-28,"2073     7176.08
2074    10562.64
2075    31687.92
2076    14227.40
2077    29405.52
dtype: float64"
PAY00687,O00687,2025-01-26,"2078    8962.20
2079    1944.48
2080    1298.16
dtype: float64"
PAY00688,O00688,2024-05-09,"2081    16178.88
2082      890.20
2083     9580.68
2084    12492.24
dtype: float64"
PAY00689,O00689,2024-10-14,"2085     3888.03
2086    30582.60
2087    20503.21
2088     8769.42
2089    29148.56
dtype: float64"
PAY00690,O00690,2024-10-01,"2090     9012.64
2091    15700.96
2092     2038.60
2093     5647.72
2094    17663.58
dtype: float64"
PAY00691,O00691,2025-02-16,"2095     4986.90
2096     5199.88
2097     2430.60
2098    32357.76
dtype: float64"
PAY00692,O00692,2024-09-01,"2099    20223.60
2100     6008.30
2101     2155.65
dtype: float64"
PAY00693,O00693,2024-10-28,"2102     3925.41
2103     3245.40
2104    24455.61
2105      767.22
2106    30037.42
dtype: float64"
PAY00694,O00694,2024-12-04,"2107    11716.12
2108    17245.20
2109     2253.16
dtype: float64"
PAY00695,O00695,2024-05-31,"2110    2845.48
2111    2616.94
2112    2823.86
dtype: float64"
PAY00696,O00696,2024-10-09,"2113    27762.66
2114     2557.40
2115     3528.33
2116    29609.79
dtype: float64"
PAY00697,O00697,2024-10-25,"2117    11126.13
2118     6466.95
2119     9174.78
2120     6115.80
dtype: float64"
PAY00698,O00698,2024-07-06,"2121    20820.4
dtype: float64"
PAY00699,O00699,2024-12-11,"2122      600.83
2123    29874.00
2124     4000.35
2125     2057.06
dtype: float64"
PAY00700,O00700,2024-05-06,"2126     4567.48
2127    12859.40
2128     2225.50
2129     6400.56
dtype: float64"
PAY00701,O00701,2025-01-26,"2130    14645.15
2131    35389.20
2132     2002.95
2133     3200.28
dtype: float64"
PAY00702,O00702,2025-02-09,"2134    1074.30
2135    8151.87
dtype: float64"
PAY00703,O00703,2025-03-30,"2136    13182.60
2137     1802.49
2138    13704.95
2139    37087.10
2140    41640.80
dtype: float64"
PAY00704,O00704,2025-03-20,"2141    10778.25
2142    17574.18
2143     5382.06
2144    19186.93
2145      511.48
dtype: float64"
PAY00705,O00705,2024-12-27,"2146     5709.35
2147     3156.00
2148     2920.86
2149    21349.23
dtype: float64"
PAY00706,O00706,2024-11-08,"2150     2845.48
2151    35389.20
dtype: float64"
PAY00707,O00707,2024-08-13,"2152    24934.50
2153    27216.21
2154    14227.40
2155    16445.94
2156    24934.50
dtype: float64"
PAY00708,O00708,2024-10-09,"2157    39895.20
2158    29405.52
2159     9149.67
2160     8970.10
2161    17164.24
dtype: float64"
PAY00709,O00709,2024-12-22,"2162     4114.12
2163      890.20
2164    12999.70
dtype: float64"
PAY00710,O00710,2024-04-30,"2165    14834.84
2166    18378.45
2167    22871.85
2168     7636.32
dtype: float64"
PAY00711,O00711,2024-05-10,"2169    25746.36
2170    18349.56
2171     1557.85
dtype: float64"
PAY00712,O00712,2024-10-15,"2172    28311.36
2173    10399.76
2174     2155.65
2175     9174.78
2176    24466.08
dtype: float64"
PAY00713,O00713,2025-03-10,"2177     5600.49
2178     1962.62
2179    27524.34
2180     7059.65
dtype: float64"
PAY00714,O00714,2024-09-17,"2181    19289.10
2182     1335.30
2183     1794.02
dtype: float64"
PAY00715,O00715,2024-09-30,"2184    10276.83
2185     9174.78
2186     7116.50
dtype: float64"
PAY00716,O00716,2025-01-08,"2187    17924.40
2188     1171.33
2189     7059.65
2190     4017.37
dtype: float64"
PAY00717,O00717,2024-05-28,"2191    18347.40
2192     3558.25
2193    13182.60
2194     1147.82
dtype: float64"
PAY00718,O00718,2024-10-24,"2195    8089.44
dtype: float64"
PAY00719,O00719,2025-01-15,"2196    11699.73
2197    19440.15
2198    25746.36
2199     8962.20
2200     5481.98
dtype: float64"
PAY00720,O00720,2025-04-07,"2201    26727.12
2202    11699.73
dtype: float64"
PAY00721,O00721,2024-10-05,"2203    573.91
dtype: float64"
PAY00722,O00722,2024-05-18,"2204    10193.00
2205     3058.26
2206     8000.70
2207     5856.65
2208    16178.88
dtype: float64"
PAY00723,O00723,2025-04-03,"2209    17924.40
2210    38322.72
dtype: float64"
PAY00724,O00724,2024-05-21,"2211    14371.02
dtype: float64"
PAY00725,O00725,2024-08-13,"2212    2225.5
dtype: float64"
PAY00726,O00726,2024-12-05,"2213     5856.65
2214    32148.50
2215    12859.40
2216    14371.02
2217     4398.66
dtype: float64"
PAY00727,O00727,2024-06-09,"2218      800.07
2219     6429.70
2220    25960.97
2221     1299.97
2222     2616.94
dtype: float64"
PAY00728,O00728,2024-05-08,"2223    17245.20
2224    11265.80
2225     6759.48
2226    21971.00
dtype: float64"
PAY00729,O00729,2024-06-05,"2227    10584.99
2228     1801.34
dtype: float64"
PAY00730,O00730,2024-07-28,"2229     1794.02
2230     2045.92
2231    22871.85
2232    11381.92
dtype: float64"
PAY00731,O00731,2024-12-14,"2233    21993.3
2234     5371.5
dtype: float64"
PAY00732,O00732,2024-12-14,"2235    17924.40
2236    10467.76
2237    24466.08
2238     2038.60
dtype: float64"
PAY00733,O00733,2024-11-27,"2239     7027.98
2240     3245.40
2241    11418.70
2242     1802.49
dtype: float64"
PAY00734,O00734,2024-11-14,"2243    8328.16
dtype: float64"
PAY00735,O00735,2025-01-17,"2244    27172.90
2245     5647.72
2246    17663.58
2247    12492.24
2248    33312.64
dtype: float64"
PAY00736,O00736,2024-08-23,"2249    36756.9
dtype: float64"
PAY00737,O00737,2024-09-06,"2250     1794.02
2251    36756.90
2252    11381.92
2253     4311.30
dtype: float64"
PAY00738,O00738,2024-12-03,"2254      649.08
2255    32148.50
2256     8788.40
2257    21556.50
2258    15395.31
dtype: float64"
PAY00739,O00739,2024-11-06,"2259    27172.90
2260      526.00
2261    11454.48
2262     9149.67
dtype: float64"
PAY00740,O00740,2024-08-10,"2263     3004.15
2264    35389.20
2265    14645.15
2266    26727.12
2267    12231.60
dtype: float64"
PAY00741,O00741,2024-10-04,"2268     1335.30
2269    44882.10
2270     4164.08
2271     3049.89
2272     5407.47
dtype: float64"
PAY00742,O00742,2024-10-25,"2273    2038.6
dtype: float64"
PAY00743,O00743,2024-12-02,"2274    8232.77
2275    3402.84
2276    5165.19
2277    1944.48
dtype: float64"
PAY00744,O00744,2024-09-28,"2278     2271.78
2279    17924.40
dtype: float64"
PAY00745,O00745,2024-05-25,"2280    1802.49
2281    6115.80
dtype: float64"
PAY00746,O00746,2025-02-20,"2282    8151.87
dtype: float64"
PAY00747,O00747,2025-01-12,"2283    19021.03
2284    16456.48
2285    30498.90
2286    21349.23
dtype: float64"
PAY00748,O00748,2024-05-27,"2287    23432.24
2288    31070.97
dtype: float64"
PAY00749,O00749,2025-03-16,"2289    29874.00
2290    28311.36
dtype: float64"
PAY00750,O00750,2024-12-20,"2291    10584.99
2292    47903.40
dtype: float64"
PAY00751,O00751,2024-12-25,"2293    20570.6
dtype: float64"
PAY00752,O00752,2025-03-24,"2294     3513.99
2295    34992.27
2296     7113.70
dtype: float64"
PAY00753,O00753,2025-02-11,"2297     1052.00
2298     7200.63
2299     2557.40
2300     1622.70
2301    12223.40
dtype: float64"
PAY00754,O00754,2024-11-15,"2302    15700.96
2303     2225.50
2304    17574.18
dtype: float64"
PAY00755,O00755,2025-01-20,"2305     2057.06
2306    14119.30
2307     3004.15
dtype: float64"
PAY00756,O00756,2025-03-19,"2308    23951.70
2309    30847.40
2310      897.01
2311     4485.05
2312    21738.32
dtype: float64"
PAY00757,O00757,2024-07-09,"2313    21455.30
2314     5709.35
dtype: float64"
PAY00758,O00758,2024-09-30,"2315    6008.30
2316    3425.61
2317    1780.40
2318    7027.98
2319    6466.95
dtype: float64"
PAY00759,O00759,2024-10-08,"2320    3888.03
2321    8471.58
dtype: float64"
PAY00760,O00760,2025-03-25,"2322     9012.64
2323    30759.40
dtype: float64"
PAY00761,O00761,2024-07-14,"2324    21125.28
2325     2929.03
2326    15423.70
2327     7636.32
dtype: float64"
PAY00762,O00762,2024-09-22,"2328    2596.32
2329    2920.86
dtype: float64"
PAY00763,O00763,2024-08-23,"2330     9959.18
2331      486.12
2332    23951.70
2333    15700.96
dtype: float64"
PAY00764,O00764,2025-03-03,"2334    18513.54
2335     8536.44
2336    25960.97
dtype: float64"
PAY00765,O00765,2024-10-03,"2337    30582.60
2338    33532.38
2339     2045.92
dtype: float64"
PAY00766,O00766,2024-09-13,"2340    16919.88
2341    10139.22
dtype: float64"
PAY00767,O00767,2024-09-25,"2342    573.91
2343    445.10
dtype: float64"
PAY00768,O00768,2025-01-21,"2344     1278.70
2345     5856.65
2346    11716.12
2347     3818.16
dtype: float64"
PAY00769,O00769,2024-05-20,"2348      511.48
2349     5481.98
2350     5434.58
2351    43942.00
2352     6597.99
dtype: float64"
PAY00770,O00770,2024-08-19,"2353     9148.74
2354    23899.20
2355     5856.65
2356    20911.80
2357     3604.98
dtype: float64"
PAY00771,O00771,2024-09-23,"2358     1411.93
2359    33532.38
dtype: float64"
PAY00772,O00772,2024-08-14,"2360    14960.70
2361    11692.56
2362     9148.74
dtype: float64"
PAY00773,O00773,2024-12-25,"2363    28311.36
2364     4311.30
dtype: float64"
PAY00774,O00774,2024-07-21,"2365     8089.44
2366     3818.16
2367     5434.58
2368     2616.94
2369    11761.10
dtype: float64"
PAY00775,O00775,2024-09-10,"2370     4044.72
2371      222.55
2372    27216.21
dtype: float64"
PAY00776,O00776,2024-06-16,"2373    11761.10
2374     1308.47
dtype: float64"
PAY00777,O00777,2025-01-09,"2375      649.08
2376    37476.72
2377    16919.88
2378     4574.37
dtype: float64"
PAY00778,O00778,2025-04-13,"2379    15249.45
2380    13738.34
2381     4986.90
2382     6116.52
dtype: float64"
PAY00779,O00779,2024-10-12,"2383     4567.48
2384    11027.07
2385    10276.83
2386     4044.72
2387     4205.81
dtype: float64"
PAY00780,O00780,2024-05-10,"2388    1201.66
2389    2916.72
dtype: float64"
PAY00781,O00781,2024-05-18,"2390    6400.56
dtype: float64"
PAY00782,O00782,2025-02-28,"2391    30498.9
2392    11949.6
dtype: float64"
PAY00783,O00783,2024-05-14,"2393     4208.00
2394     3214.85
2395      573.91
2396    11775.72
dtype: float64"
PAY00784,O00784,2024-05-17,"2397    12707.37
2398    29669.68
2399    10541.97
dtype: float64"
PAY00785,O00785,2024-09-29,"2400    35208.80
2401      526.00
2402    16919.88
2403    11664.09
2404      222.55
dtype: float64"
PAY00786,O00786,2024-05-17,"2405    2616.94
dtype: float64"
PAY00787,O00787,2025-02-01,"2406    21556.50
2407     4506.32
2408     9148.74
2409     4685.32
2410    27216.21
dtype: float64"
PAY00788,O00788,2025-01-24,"2411    12233.04
2412     2057.06
2413     8970.10
2414     9149.67
dtype: float64"
PAY00789,O00789,2024-09-06,"2415    9149.67
dtype: float64"
PAY00790,O00790,2025-02-22,"2416    21556.50
2417      711.65
2418     6466.95
2419     2923.14
dtype: float64"
PAY00791,O00791,2024-06-09,"2420     1423.30
2421    10743.00
2422    10193.00
2423     1790.18
2424     1780.40
dtype: float64"
PAY00792,O00792,2024-11-17,"2425    34363.44
2426    24677.92
dtype: float64"
PAY00793,O00793,2024-05-07,"2427     2740.99
2428    35389.20
dtype: float64"
PAY00794,O00794,2024-11-27,"2429    24772.44
2430      255.74
2431    39547.80
2432     2295.64
dtype: float64"
PAY00795,O00795,2024-11-24,"2433    9973.8
dtype: float64"
PAY00796,O00796,2024-11-18,"2434    16308.8
2435    19947.6
2436    21455.3
dtype: float64"
PAY00797,O00797,2024-08-19,"2437    9370.64
2438    8594.40
dtype: float64"
PAY00798,O00798,2025-01-04,"2439     5404.02
2440    18543.55
dtype: float64"
PAY00799,O00799,2024-05-29,"2441    2923.14
2442    3538.92
2443    7200.63
2444    8787.09
dtype: float64"
PAY00800,O00800,2024-09-24,"2445    7776.06
dtype: float64"
PAY00801,O00801,2024-08-29,"2446    25379.82
2447     7886.06
dtype: float64"
PAY00802,O00802,2025-03-15,"2448    14083.52
2449     8199.31
2450    14083.52
dtype: float64"
PAY00803,O00803,2024-12-28,"2451     526.00
2452    7886.06
dtype: float64"
PAY00804,O00804,2025-04-14,"2453    19186.93
2454    17574.18
dtype: float64"
PAY00805,O00805,2025-01-31,"2455     3528.33
2456     3084.74
2457    20570.60
2458     3818.16
dtype: float64"
PAY00806,O00806,2024-09-27,"2459    8199.31
2460     973.62
dtype: float64"
PAY00807,O00807,2025-03-19,"2461    38181.60
2462     1802.49
2463    10743.00
dtype: float64"
PAY00808,O00808,2025-04-09,"2464    2045.92
2465    4567.48
dtype: float64"
PAY00809,O00809,2025-01-25,"2466    17576.80
2467    19161.36
2468    25379.82
2469    29609.79
dtype: float64"
PAY00810,O00810,2024-04-29,"2470     2400.21
2471    11265.80
dtype: float64"
PAY00811,O00811,2024-08-06,"2472     4986.90
2473    25960.97
2474     2920.86
2475    28313.04
dtype: float64"
PAY00812,O00812,2024-12-09,"2476    11716.12
dtype: float64"
PAY00813,O00813,2024-08-17,"2477     4889.36
2478     2845.48
2479     4164.08
2480    30545.28
2481    18378.45
dtype: float64"
PAY00814,O00814,2024-08-26,"2482     3425.61
2483     8556.38
2484     3899.91
2485    17574.18
dtype: float64"
PAY00815,O00815,2024-05-26,"2486    7056.66
2487    2002.95
2488    3084.74
2489    2430.60
dtype: float64"
PAY00816,O00816,2024-11-23,"2490    5690.96
2491    7077.84
2492    8970.10
dtype: float64"
PAY00817,O00817,2024-10-27,"2493    25746.36
dtype: float64"
PAY00818,O00818,2024-07-04,"2494    3888.96
dtype: float64"
PAY00819,O00819,2024-06-16,"2495    2134.95
dtype: float64"
PAY00820,O00820,2024-12-24,"2496    10584.99
2497     1794.02
2498    32357.76
2499    30498.90
2500    12233.04
dtype: float64"
PAY00821,O00821,2024-10-22,"2501    27524.34
2502     5600.49
dtype: float64"
PAY00822,O00822,2024-07-15,"2503    3156.0
dtype: float64"
PAY00823,O00823,2025-03-13,"2504    38619.54
2505    21971.00
2506     2596.32
2507    19626.20
dtype: float64"
PAY00824,O00824,2024-05-29,"2508    23899.2
dtype: float64"
PAY00825,O00825,2024-08-30,"2509    1458.36
dtype: float64"
PAY00826,O00826,2025-03-09,"2510    5856.65
dtype: float64"
PAY00827,O00827,2024-11-13,"2511    34992.27
2512     2038.60
dtype: float64"
PAY00828,O00828,2024-09-04,"2513    16456.48
2514     3214.85
2515    15249.45
2516    14702.76
dtype: float64"
PAY00829,O00829,2024-05-27,"2517    8154.4
dtype: float64"
PAY00830,O00830,2025-02-06,"2518    24984.48
2519    29405.52
2520    27172.90
dtype: float64"
PAY00831,O00831,2024-08-02,"2521     3425.61
2522    14645.15
2523     2295.64
2524    24399.12
2525     8471.58
dtype: float64"
PAY00832,O00832,2024-11-21,"2526    5371.5
dtype: float64"
PAY00833,O00833,2024-07-13,"2527    31850.28
2528    10778.25
dtype: float64"
PAY00834,O00834,2025-02-24,"2529    13182.60
2530     4268.22
dtype: float64"
PAY00835,O00835,2024-10-01,"2531    22252.26
dtype: float64"
PAY00836,O00836,2025-03-04,"2532    11716.12
2533     6404.85
dtype: float64"
PAY00837,O00837,2024-11-18,"2534    5404.02
dtype: float64"
PAY00838,O00838,2025-02-04,"2535     5858.06
2536     2057.06
2537    13738.34
dtype: float64"
PAY00839,O00839,2025-03-02,"2538    6597.99
2539    2740.99
dtype: float64"
PAY00840,O00840,2024-12-09,"2540    20570.60
2541     9174.78
2542    11761.10
2543     2596.32
2544     3604.98
dtype: float64"
PAY00841,O00841,2024-12-08,"2545    4229.97
dtype: float64"
PAY00842,O00842,2024-12-28,"2546     7027.98
2547     1299.97
2548    35389.20
2549    14083.52
2550    36756.90
dtype: float64"
PAY00843,O00843,2024-12-22,"2551    5647.72
2552    4044.72
dtype: float64"
PAY00844,O00844,2024-11-22,"2553     9134.96
2554     5404.02
2555    21993.30
2556    20570.60
2557     4375.08
dtype: float64"
PAY00845,O00845,2024-04-25,"2558    3402.84
2559    7056.66
2560    4438.71
dtype: float64"
PAY00846,O00846,2024-12-07,"2561     7351.38
2562     8228.24
2563    16308.80
dtype: float64"
PAY00847,O00847,2025-04-08,"2564    32020.59
2565     4205.81
2566    13723.11
2567    20570.60
dtype: float64"
PAY00848,O00848,2024-12-27,"2568    5371.5
dtype: float64"
PAY00849,O00849,2025-03-04,"2569    34908.30
2570     2630.00
2571    14399.42
2572     3667.02
2573     2301.66
dtype: float64"
PAY00850,O00850,2025-01-14,"2574     1222.34
2575    15249.45
2576    29874.00
2577     2430.60
2578    25718.80
dtype: float64"
PAY00851,O00851,2024-07-28,"2579    28167.04
2580     2823.86
2581     5371.50
2582     4017.37
dtype: float64"
PAY00852,O00852,2024-04-29,"2583    10467.76
2584     5434.58
2585    12999.70
2586    24268.32
dtype: float64"
PAY00853,O00853,2024-06-23,"2587     1794.02
2588    12231.60
2589    27762.66
2590     3245.40
dtype: float64"
PAY00854,O00854,2024-07-30,"2591     6466.95
2592    22252.26
2593     1721.73
dtype: float64"
PAY00855,O00855,2025-01-16,"2594      711.65
2595    15423.70
2596    10996.65
dtype: float64"
PAY00856,O00856,2025-01-31,"2597    12873.18
dtype: float64"
PAY00857,O00857,2024-08-16,"2598    3379.74
dtype: float64"
PAY00858,O00858,2025-04-02,"2599    10193.00
2600    21971.00
2601     8536.44
dtype: float64"
PAY00859,O00859,2024-08-21,"2602     9012.64
2603    30759.40
2604     1335.30
2605    12873.18
2606     1423.30
dtype: float64"
PAY00860,O00860,2024-08-26,"2607    38619.54
2608    43942.00
dtype: float64"
PAY00861,O00861,2024-04-17,"2609     2283.74
2610     2352.22
2611     3528.33
2612     4574.37
2613    33312.64
dtype: float64"
PAY00862,O00862,2024-06-28,"2614    14227.40
2615    27449.01
2616    17574.18
dtype: float64"
PAY00863,O00863,2025-03-23,"2617     3899.91
2618    18297.48
2619    17604.40
dtype: float64"
PAY00864,O00864,2024-06-13,"2620    6099.78
2621    1052.00
dtype: float64"
PAY00865,O00865,2024-11-24,"2622    11001.06
2623    37087.10
2624     1171.33
2625    11295.44
dtype: float64"
PAY00866,O00866,2024-12-30,"2626    7417.42
2627    1147.82
2628    2225.50
dtype: float64"
PAY00867,O00867,2024-09-18,"2629     6542.35
2630    29874.00
2631    22054.14
2632     1534.44
2633     3425.61
dtype: float64"
PAY00868,O00868,2024-05-13,"2634    5846.28
2635    3588.04
2636    1278.70
2637    2691.03
2638    2002.95
dtype: float64"
PAY00869,O00869,2024-06-07,"2639    24668.91
dtype: float64"
PAY00870,O00870,2025-01-28,"2640     2134.95
2641     6759.48
2642    31070.97
2643    15395.31
dtype: float64"
PAY00871,O00871,2024-12-12,"2644    10562.64
2645     9370.64
2646    29921.40
2647    15249.45
2648    10541.97
dtype: float64"
PAY00872,O00872,2024-04-29,"2649    2045.92
dtype: float64"
PAY00873,O00873,2024-05-21,"2650     4806.64
2651    14155.68
2652     5165.19
2653    14399.42
dtype: float64"
PAY00874,O00874,2025-01-27,"2654    17924.40
2655     1578.00
2656     1141.87
2657     2596.32
dtype: float64"
PAY00875,O00875,2024-11-09,"2658    4375.08
dtype: float64"
PAY00876,O00876,2024-07-03,"2659    8199.31
dtype: float64"
PAY00877,O00877,2024-09-08,"2660     8228.24
2661     7334.04
2662     3200.28
2663    21556.50
2664     4981.55
dtype: float64"
PAY00878,O00878,2024-09-29,"2665    21971.0
2666    42299.7
dtype: float64"
PAY00879,O00879,2024-10-10,"2667     7334.04
2668    36594.96
2669    21993.30
dtype: float64"
PAY00880,O00880,2024-08-30,"2670    34328.48
2671     8594.40
2672    11716.12
2673     9149.67
dtype: float64"
PAY00881,O00881,2024-06-14,"2674    8459.94
dtype: float64"
PAY00882,O00882,2024-09-01,"2675    14399.42
dtype: float64"
PAY00883,O00883,2024-08-11,"2676     2148.60
2677    27762.66
2678     2045.92
dtype: float64"
PAY00884,O00884,2025-01-16,"2679     5407.47
2680    19440.15
dtype: float64"
PAY00885,O00885,2024-08-23,"2681     4574.37
2682    22503.95
2683      445.10
dtype: float64"
PAY00886,O00886,2025-02-13,"2684     5165.19
2685     3558.25
2686     8787.09
2687    10399.76
dtype: float64"
PAY00887,O00887,2025-04-12,"2688    1147.82
2689    4861.20
dtype: float64"
PAY00888,O00888,2024-11-16,"2690     2702.01
2691    12804.66
2692      897.01
2693     2271.78
dtype: float64"
PAY00889,O00889,2024-12-06,"2694    5632.90
2695    4269.90
2696     900.67
2697    4044.72
dtype: float64"
PAY00890,O00890,2024-05-19,"2698    18299.34
dtype: float64"
PAY00891,O00891,2025-03-19,"2699     7799.82
2700     5600.49
2701    22054.14
2702      255.74
2703    14702.76
dtype: float64"
PAY00892,O00892,2024-05-02,"2704    5434.58
2705    5632.90
dtype: float64"
PAY00893,O00893,2024-06-12,"2706    15089.55
2707    19626.20
2708    11699.73
dtype: float64"
PAY00894,O00894,2024-06-11,"2709     7799.82
2710     2271.78
2711    12999.70
dtype: float64"
PAY00895,O00895,2025-02-02,"2712     3588.04
2713    27446.22
2714     9370.64
dtype: float64"
PAY00896,O00896,2024-12-09,"2715    8622.60
2716    4806.64
2717    4114.12
dtype: float64"
PAY00897,O00897,2024-05-02,"2718     6008.30
2719    25960.97
dtype: float64"
PAY00898,O00898,2024-12-30,"2720     2444.68
2721     2557.40
2722    10276.83
2723     2045.92
2724    21407.82
dtype: float64"
PAY00899,O00899,2024-05-15,"2725     7059.65
2726    19021.03
2727     5165.19
dtype: float64"
PAY00900,O00900,2024-08-03,"2728    37476.72
2729    11692.56
dtype: float64"
PAY00901,O00901,2024-10-07,"2730    11949.60
2731     1780.40
2732     5880.55
2733    18347.40
2734     8970.10
dtype: float64"
PAY00902,O00902,2024-12-24,"2735    21927.92
2736    12689.91
2737    14834.84
2738    11454.48
dtype: float64"
PAY00903,O00903,2024-09-28,"2739     2283.74
2740    16656.32
2741    14270.20
dtype: float64"
PAY00904,O00904,2024-10-15,"2742    19021.03
2743     5846.28
2744     7077.84
dtype: float64"
PAY00905,O00905,2024-12-06,"2745     6499.85
2746    11295.44
dtype: float64"
PAY00906,O00906,2024-10-06,"2747     4986.90
2748    22193.55
2749     6542.35
2750    34363.44
2751    14371.02
dtype: float64"
PAY00907,O00907,2024-09-17,"2752    16456.48
dtype: float64"
PAY00908,O00908,2024-07-27,"2753    2283.74
dtype: float64"
PAY00909,O00909,2024-07-07,"2754    1201.66
2755    3682.00
2756    6597.99
2757    3200.28
2758    1801.34
dtype: float64"
PAY00910,O00910,2025-02-03,"2759    13704.95
2760    15700.96
2761     8788.40
2762     8797.32
2763    27409.90
dtype: float64"
PAY00911,O00911,2024-10-31,"2764    12233.04
2765     7886.06
2766     1944.48
dtype: float64"
PAY00912,O00912,2024-05-26,"2767    10778.25
dtype: float64"
PAY00913,O00913,2024-08-23,"2768     2923.14
2769     6759.48
2770    34992.27
2771     4981.55
dtype: float64"
PAY00914,O00914,2024-09-25,"2772     6171.18
2773    12231.60
dtype: float64"
PAY00915,O00915,2024-05-31,"2774    43942.00
2775     1299.97
2776     2057.06
dtype: float64"
PAY00916,O00916,2024-08-04,"2777    8769.42
2778     972.24
dtype: float64"
PAY00917,O00917,2025-01-05,"2779    7993.09
2780    2430.60
dtype: float64"
PAY00918,O00918,2024-12-30,"2781    10963.96
dtype: float64"
PAY00919,O00919,2024-12-02,"2782     9134.96
2783    12933.90
dtype: float64"
PAY00920,O00920,2024-10-18,"2784    11295.44
2785    38322.72
2786     1790.18
2787    24268.32
dtype: float64"
PAY00921,O00921,2024-11-02,"2788    18347.40
2789     8788.40
2790    26365.20
2791     9959.18
dtype: float64"
PAY00922,O00922,2024-12-28,"2792    33839.76
2793     8787.09
2794     1299.97
2795    25960.97
2796    10869.16
dtype: float64"
PAY00923,O00923,2024-08-11,"2797     5165.19
2798      767.22
2799    10743.00
dtype: float64"
PAY00924,O00924,2024-05-03,"2800     7059.65
2801     1721.73
2802     3245.40
2803    25379.82
dtype: float64"
PAY00925,O00925,2024-07-14,"2804    1790.18
2805    4981.55
dtype: float64"
PAY00926,O00926,2024-09-17,"2806    11699.73
2807    12999.70
dtype: float64"
PAY00927,O00927,2024-11-30,"2808     5233.88
2809    10285.30
dtype: float64"
PAY00928,O00928,2024-05-10,"2810    37087.1
2811    17694.6
dtype: float64"
PAY00929,O00929,2024-04-21,"2812    6597.99
dtype: float64"
PAY00930,O00930,2024-07-02,"2813    2002.95
dtype: float64"
PAY00931,O00931,2024-08-14,"2814    21971.00
2815    19440.15
2816    28167.04
2817    26727.12
dtype: float64"
PAY00932,O00932,2024-07-04,"2818     4567.48
2819    24772.44
2820    14960.70
2821     4205.81
dtype: float64"
PAY00933,O00933,2025-02-10,"2822    3004.15
dtype: float64"
PAY00934,O00934,2024-06-12,"2823    23432.24
2824     4384.71
2825     6759.48
2826    19021.03
2827     1022.96
dtype: float64"
PAY00935,O00935,2025-02-07,"2828    1176.11
2829    4229.97
2830    8769.42
2831    1022.96
dtype: float64"
PAY00936,O00936,2024-07-22,"2832    49869.00
2833     2740.99
2834     2057.06
dtype: float64"
PAY00937,O00937,2024-08-03,"2835    31850.28
2836      573.91
2837     4861.20
2838     2134.95
2839    10285.30
dtype: float64"
PAY00938,O00938,2024-08-15,"2840    27216.21
2841     9174.78
2842     1622.70
2843      511.48
2844     7056.66
dtype: float64"
PAY00939,O00939,2024-05-28,"2845    19440.15
2846    12342.36
dtype: float64"
PAY00940,O00940,2024-04-20,"2847     6542.35
2848    43113.06
2849    26365.20
dtype: float64"
PAY00941,O00941,2024-10-21,"2850     1721.73
2851    44882.10
dtype: float64"
PAY00942,O00942,2025-01-31,"2852    18543.55
2853     3222.90
2854    28167.04
2855     9099.79
dtype: float64"
PAY00943,O00943,2024-10-03,"2856    29669.68
2857     7351.38
2858     3528.33
2859     7776.06
dtype: float64"
PAY00944,O00944,2024-06-20,"2860    19090.8
dtype: float64"
PAY00945,O00945,2024-06-07,"2861    12223.4
2862    43942.0
dtype: float64"
PAY00946,O00946,2024-09-09,"2863    19947.60
2864     1780.40
2865     8089.44
2866    17924.40
2867     2740.99
dtype: float64"
PAY00947,O00947,2024-11-11,"2868    4861.2
dtype: float64"
PAY00948,O00948,2025-01-15,"2869     8594.40
2870     2045.92
2871    21971.00
dtype: float64"
PAY00949,O00949,2024-07-15,"2872    3058.26
dtype: float64"
PAY00950,O00950,2024-10-28,"2873    21993.30
2874     9174.78
2875    16919.88
2876     4229.97
2877    10996.65
dtype: float64"
PAY00951,O00951,2024-11-21,"2878    11001.06
dtype: float64"
PAY00952,O00952,2025-02-27,"2879     1790.18
2880     2923.14
2881     1461.57
2882    16178.88
dtype: float64"
PAY00953,O00953,2024-12-26,"2883     8089.44
2884     3004.15
2885     9778.72
2886    19021.03
dtype: float64"
PAY00954,O00954,2025-02-21,"2887     2616.94
2888    21233.52
2889    33081.21
dtype: float64"
PAY00955,O00955,2024-09-04,"2890     5858.06
2891     3402.84
2892    28742.04
2893    35389.20
dtype: float64"
PAY00956,O00956,2024-05-14,"2894    12338.96
2895      767.22
2896    34328.48
2897    18513.54
dtype: float64"
PAY00957,O00957,2024-09-16,"2898      767.22
2899     1622.70
2900     2104.00
2901    41169.33
2902     4017.37
dtype: float64"
PAY00958,O00958,2025-03-14,"2903     7417.42
2904     4208.00
2905    37087.10
2906     5856.65
2907    26632.26
dtype: float64"
PAY00959,O00959,2025-01-29,"2908      767.22
2909    30037.42
2910     1171.33
2911     1801.34
2912    15089.55
dtype: float64"
PAY00960,O00960,2024-05-05,"2913     4591.28
2914    42299.70
2915     6111.70
dtype: float64"
PAY00961,O00961,2024-09-28,"2916    38181.6
2917     2630.0
dtype: float64"
PAY00962,O00962,2024-04-23,"2918    4438.71
dtype: float64"
PAY00963,O00963,2024-10-08,"2919    11713.3
2920    17245.2
2921     1622.7
2922    14227.4
dtype: float64"
PAY00964,O00964,2025-04-04,"2923    7113.70
2924    4114.12
2925    2702.01
dtype: float64"
PAY00965,O00965,2024-05-19,"2926    2987.4
dtype: float64"
PAY00966,O00966,2025-03-16,"2927     3425.61
2928    15272.64
dtype: float64"
PAY00967,O00967,2024-08-16,"2929     8962.20
2930     1721.73
2931     2596.32
2932     2596.32
2933    10399.76
dtype: float64"
PAY00968,O00968,2024-11-25,"2934     1126.58
2935    22908.96
2936      897.01
2937     8788.40
dtype: float64"
PAY00969,O00969,2024-10-03,"2938    18513.54
2939     5709.35
2940     4229.97
2941     9012.64
dtype: float64"
PAY00970,O00970,2024-11-20,"2942    34328.48
2943    16919.88
2944     2740.99
2945    11776.23
dtype: float64"
PAY00971,O00971,2024-09-23,"2946     7176.08
2947     6429.70
2948    38322.72
2949    27172.90
dtype: float64"
PAY00972,O00972,2025-01-11,"2950    11716.12
2951    35509.68
2952    12933.90
dtype: float64"
PAY00973,O00973,2024-12-20,"2953    25746.36
2954    11265.80
dtype: float64"
PAY00974,O00974,2024-09-19,"2955    18299.34
2956     4806.64
2957     3528.33
2958    21993.30
dtype: float64"
PAY00975,O00975,2024-08-03,"2959     4268.22
2960     1022.96
2961    11664.09
dtype: float64"
PAY00976,O00976,2024-05-26,"2962     4685.32
2963    37476.72
2964     4986.90
2965      573.91
dtype: float64"
PAY00977,O00977,2024-09-18,"2966    33081.21
2967     1074.30
2968     8788.40
dtype: float64"
PAY00978,O00978,2024-04-28,"2969     7027.98
2970    21125.28
2971      897.01
2972    34992.27
dtype: float64"
PAY00979,O00979,2024-08-22,"2973    11418.7
2974     4077.2
dtype: float64"
PAY00980,O00980,2024-06-19,"2975    21927.92
dtype: float64"
PAY00981,O00981,2025-02-25,"2976    20570.6
dtype: float64"
PAY00982,O00982,2024-12-07,"2977    4394.2
dtype: float64"
PAY00983,O00983,2024-10-08,"2978    4311.3
dtype: float64"
PAY00984,O00984,2025-03-06,"2979    9668.70
2980    4806.64
2981    5858.06
dtype: float64"
PAY00985,O00985,2025-01-08,"2982    24466.08
2983    21349.23
2984     1141.87
dtype: float64"
PAY00986,O00986,2025-04-10,"2985    25729.83
2986    25746.36
2987     1022.96
2988     2134.95
dtype: float64"
PAY00987,O00987,2024-08-29,"2989    35509.68
2990    31687.92
2991    27446.22
2992     4164.08
2993    33312.64
dtype: float64"
PAY00988,O00988,2024-05-19,"2994    10584.99
dtype: float64"
PAY00989,O00989,2024-09-27,"2995    21407.82
dtype: float64"
PAY00990,O00990,2025-03-04,"2996    4438.71
2997    1458.36
dtype: float64"
PAY00991,O00991,2024-05-29,"2998    18513.54
dtype: float64"
PAY00992,O00992,2024-07-18,"2999    24984.48
3000     8536.44
3001     3214.85
3002     2869.55
dtype: float64"
PAY00993,O00993,2024-10-02,"3003    27409.90
3004     9408.88
3005    17574.18
3006    26727.12
3007    12859.40
dtype: float64"
PAY00994,O00994,2024-12-01,"3008    7799.82
dtype: float64"
PAY00995,O00995,2024-09-14,"3009    7850.48
3010    6429.70
dtype: float64"
PAY00996,O00996,2024-11-03,"3011     5165.19
3012    36756.90
3013    15423.70
3014     5199.88
3015     4000.35
dtype: float64"
PAY00997,O00997,2024-05-13,"3016    44882.10
3017     7027.98
3018     7417.42
3019      711.65
dtype: float64"
PAY00998,O00998,2024-09-18,"3020    29290.3
dtype: float64"
PAY00999,O00999,2025-03-14,"3021    11716.12
dtype: float64"
PAY01000,O01000,2024-08-15,"3022     5382.06
3023     4000.35
3024    15423.70
3025    19626.20
3026     3379.74
dtype: float64"
