shipment_id,order_id,shipment_date,shipment_status
SH00001,O00001,2025-03-11,Отгружено
SH00002,O00002,2024-11-30,Отменено
SH00003,O00003,2024-09-27,Доставлено
SH00004,O00004,2024-08-12,Отменено
SH00005,O00005,2024-11-23,В пути
SH00006,O00006,2024-12-11,Отгружено
SH00007,O00007,2024-05-04,Доставлено
SH00008,O00008,2024-12-03,В пути
SH00009,O00009,2025-01-25,Отменено
SH00010,O00010,2024-05-22,Отменено
SH00011,O00011,2025-02-01,Отгружено
SH00012,O00012,2024-07-04,В пути
SH00013,O00013,2024-12-14,Отменено
SH00014,O00014,2024-07-02,Отменено
SH00015,O00015,2024-07-28,Доставлено
SH00016,O00016,2024-12-29,В пути
SH00017,O00017,2024-05-13,Отгружено
SH00018,O00018,2024-06-14,Отгружено
SH00019,O00019,2024-07-14,Доставлено
SH00020,O00020,2024-06-17,Отменено
SH00021,O00021,2024-11-12,Отгружено
SH00022,O00022,2024-05-15,Отгружено
SH00023,O00023,2024-06-15,Доставлено
SH00024,O00024,2024-04-13,Отменено
SH00025,O00025,2024-09-18,В пути
SH00026,O00026,2024-10-03,Отгружено
SH00027,O00027,2025-01-08,В пути
SH00028,O00028,2024-11-30,Отгружено
SH00029,O00029,2024-10-16,Отгружено
SH00030,O00030,2024-08-05,Доставлено
SH00031,O00031,2024-04-26,Отгружено
SH00032,O00032,2024-07-13,Отгружено
SH00033,O00033,2024-07-31,Отменено
SH00034,O00034,2025-01-16,В пути
SH00035,O00035,2024-07-30,Доставлено
SH00036,O00036,2025-01-10,В пути
SH00037,O00037,2025-03-10,Отгружено
SH00038,O00038,2024-10-07,Отгружено
SH00039,O00039,2024-05-08,Доставлено
SH00040,O00040,2025-01-08,В пути
SH00041,O00041,2024-07-15,Отгружено
SH00042,O00042,2025-04-05,Отгружено
SH00043,O00043,2024-07-28,В пути
SH00044,O00044,2025-02-15,В пути
SH00045,O00045,2025-02-12,Отменено
SH00046,O00046,2024-12-13,Отгружено
SH00047,O00047,2024-12-02,Доставлено
SH00048,O00048,2024-12-25,В пути
SH00049,O00049,2025-02-21,В пути
SH00050,O00050,2025-04-12,Отменено
SH00051,O00051,2024-06-29,Отгружено
SH00052,O00052,2024-09-24,В пути
SH00053,O00053,2024-05-25,Доставлено
SH00054,O00054,2024-11-10,В пути
SH00055,O00055,2024-07-07,Отменено
SH00056,O00056,2024-12-23,Доставлено
SH00057,O00057,2024-06-07,Отменено
SH00058,O00058,2025-03-30,Отменено
SH00059,O00059,2024-07-24,Отгружено
SH00060,O00060,2025-03-03,Доставлено
SH00061,O00061,2024-06-10,Доставлено
SH00062,O00062,2024-05-08,Отгружено
SH00063,O00063,2024-05-05,Отменено
SH00064,O00064,2024-06-16,Отменено
SH00065,O00065,2025-02-12,В пути
SH00066,O00066,2024-08-10,Отгружено
SH00067,O00067,2024-12-02,Доставлено
SH00068,O00068,2025-01-31,Отменено
SH00069,O00069,2025-03-02,В пути
SH00070,O00070,2024-11-20,В пути
SH00071,O00071,2025-04-08,Доставлено
SH00072,O00072,2024-08-07,Отменено
SH00073,O00073,2024-09-28,Доставлено
SH00074,O00074,2024-05-29,Отменено
SH00075,O00075,2024-10-13,В пути
SH00076,O00076,2025-01-07,Отгружено
SH00077,O00077,2024-08-08,Отгружено
SH00078,O00078,2025-01-11,Отгружено
SH00079,O00079,2024-09-16,В пути
SH00080,O00080,2024-07-30,Отменено
SH00081,O00081,2024-10-28,В пути
SH00082,O00082,2024-11-10,Отгружено
SH00083,O00083,2024-10-19,В пути
SH00084,O00084,2024-09-30,Отменено
SH00085,O00085,2024-05-14,В пути
SH00086,O00086,2024-11-30,Отменено
SH00087,O00087,2024-04-27,Отгружено
SH00088,O00088,2025-03-23,Отменено
SH00089,O00089,2024-09-30,Доставлено
SH00090,O00090,2025-01-22,Доставлено
SH00091,O00091,2024-08-16,Отгружено
SH00092,O00092,2024-12-05,Отменено
SH00093,O00093,2024-07-22,Доставлено
SH00094,O00094,2024-04-27,Отгружено
SH00095,O00095,2024-05-17,Доставлено
SH00096,O00096,2024-07-10,В пути
SH00097,O00097,2024-12-29,Отгружено
SH00098,O00098,2025-03-06,В пути
SH00099,O00099,2025-03-17,В пути
SH00100,O00100,2024-11-24,Отменено
SH00101,O00101,2024-11-29,Доставлено
SH00102,O00102,2024-04-20,Отменено
SH00103,O00103,2025-02-07,Отгружено
SH00104,O00104,2024-12-28,Отменено
SH00105,O00105,2025-02-24,В пути
SH00106,O00106,2024-07-24,В пути
SH00107,O00107,2024-11-21,В пути
SH00108,O00108,2024-04-26,В пути
SH00109,O00109,2025-02-05,В пути
SH00110,O00110,2025-01-30,Отгружено
SH00111,O00111,2024-06-21,Отменено
SH00112,O00112,2024-10-12,В пути
SH00113,O00113,2024-11-03,В пути
SH00114,O00114,2024-12-21,Отменено
SH00115,O00115,2024-09-30,В пути
SH00116,O00116,2025-04-03,Доставлено
SH00117,O00117,2024-08-01,Отменено
SH00118,O00118,2024-06-25,В пути
SH00119,O00119,2024-11-26,Отменено
SH00120,O00120,2024-09-27,Доставлено
SH00121,O00121,2024-12-16,Отменено
SH00122,O00122,2025-02-22,Отменено
SH00123,O00123,2024-10-21,Отменено
SH00124,O00124,2024-05-20,Отменено
SH00125,O00125,2024-10-16,В пути
SH00126,O00126,2024-08-30,Отменено
SH00127,O00127,2024-09-16,Отменено
SH00128,O00128,2024-08-21,Отгружено
SH00129,O00129,2024-08-19,Доставлено
SH00130,O00130,2024-12-31,В пути
SH00131,O00131,2024-05-25,В пути
SH00132,O00132,2025-03-12,Отменено
SH00133,O00133,2024-06-15,Доставлено
SH00134,O00134,2024-08-20,Доставлено
SH00135,O00135,2024-09-20,Отменено
SH00136,O00136,2025-01-05,Доставлено
SH00137,O00137,2024-10-21,Отменено
SH00138,O00138,2024-08-01,В пути
SH00139,O00139,2024-12-25,Отгружено
SH00140,O00140,2024-09-13,Доставлено
SH00141,O00141,2025-02-23,Отменено
SH00142,O00142,2025-02-03,Отменено
SH00143,O00143,2024-11-15,Доставлено
SH00144,O00144,2024-04-28,Отменено
SH00145,O00145,2024-10-06,Отгружено
SH00146,O00146,2024-05-18,Отгружено
SH00147,O00147,2024-08-11,Отменено
SH00148,O00148,2024-07-22,В пути
SH00149,O00149,2024-08-15,Отменено
SH00150,O00150,2024-05-28,Доставлено
SH00151,O00151,2025-02-09,Отменено
SH00152,O00152,2024-09-19,Доставлено
SH00153,O00153,2025-03-17,Отгружено
SH00154,O00154,2024-11-01,Отменено
SH00155,O00155,2025-02-28,В пути
SH00156,O00156,2024-04-12,Отменено
SH00157,O00157,2024-12-22,Доставлено
SH00158,O00158,2025-03-19,Отгружено
SH00159,O00159,2024-11-12,В пути
SH00160,O00160,2024-10-09,Отменено
SH00161,O00161,2024-09-23,В пути
SH00162,O00162,2024-05-04,В пути
SH00163,O00163,2024-06-26,В пути
SH00164,O00164,2024-10-29,Отгружено
SH00165,O00165,2024-09-04,Отгружено
SH00166,O00166,2024-12-13,Отменено
SH00167,O00167,2025-02-01,Отгружено
SH00168,O00168,2024-10-25,В пути
SH00169,O00169,2024-12-12,В пути
SH00170,O00170,2024-10-05,Отменено
SH00171,O00171,2025-02-02,Доставлено
SH00172,O00172,2024-05-05,Отменено
SH00173,O00173,2024-07-03,Доставлено
SH00174,O00174,2024-07-28,Отменено
SH00175,O00175,2024-11-16,Отгружено
SH00176,O00176,2024-05-31,Доставлено
SH00177,O00177,2025-04-12,В пути
SH00178,O00178,2024-08-02,В пути
SH00179,O00179,2024-10-03,Отменено
SH00180,O00180,2025-03-24,Доставлено
SH00181,O00181,2025-01-07,В пути
SH00182,O00182,2024-10-22,Отменено
SH00183,O00183,2024-05-28,Отгружено
SH00184,O00184,2024-04-22,Отменено
SH00185,O00185,2024-12-15,Отменено
SH00186,O00186,2024-12-08,Доставлено
SH00187,O00187,2025-02-20,Отменено
SH00188,O00188,2024-07-13,В пути
SH00189,O00189,2025-01-13,В пути
SH00190,O00190,2024-06-16,В пути
SH00191,O00191,2024-08-10,Отменено
SH00192,O00192,2024-11-11,Отгружено
SH00193,O00193,2024-04-19,В пути
SH00194,O00194,2024-11-12,В пути
SH00195,O00195,2024-09-16,В пути
SH00196,O00196,2024-05-23,В пути
SH00197,O00197,2024-07-09,Отменено
SH00198,O00198,2025-03-06,Отгружено
SH00199,O00199,2025-04-06,В пути
SH00200,O00200,2024-05-25,Доставлено
SH00201,O00201,2024-10-07,Отменено
SH00202,O00202,2024-05-26,Доставлено
SH00203,O00203,2024-12-18,Доставлено
SH00204,O00204,2025-02-28,В пути
SH00205,O00205,2024-06-12,Отменено
SH00206,O00206,2024-10-26,Отгружено
SH00207,O00207,2025-04-08,Отгружено
SH00208,O00208,2025-01-16,Отгружено
SH00209,O00209,2024-08-07,Отгружено
SH00210,O00210,2024-10-25,В пути
SH00211,O00211,2025-01-13,Отгружено
SH00212,O00212,2024-07-29,Доставлено
SH00213,O00213,2024-09-22,Отменено
SH00214,O00214,2025-03-07,Доставлено
SH00215,O00215,2024-10-19,Отменено
SH00216,O00216,2024-10-13,Доставлено
SH00217,O00217,2024-07-19,Доставлено
SH00218,O00218,2024-10-07,В пути
SH00219,O00219,2024-11-13,Отменено
SH00220,O00220,2024-06-09,Отгружено
SH00221,O00221,2024-09-08,Доставлено
SH00222,O00222,2024-06-30,Отгружено
SH00223,O00223,2025-04-04,Отменено
SH00224,O00224,2024-12-05,Отменено
SH00225,O00225,2024-10-30,В пути
SH00226,O00226,2025-01-25,Отгружено
SH00227,O00227,2025-03-24,Доставлено
SH00228,O00228,2024-06-08,В пути
SH00229,O00229,2025-03-14,Отменено
SH00230,O00230,2024-05-12,Отменено
SH00231,O00231,2024-07-31,Отменено
SH00232,O00232,2025-02-10,В пути
SH00233,O00233,2025-02-11,Доставлено
SH00234,O00234,2025-03-08,Доставлено
SH00235,O00235,2024-09-25,Отгружено
SH00236,O00236,2024-08-26,Доставлено
SH00237,O00237,2025-04-13,Отменено
SH00238,O00238,2025-02-11,Отменено
SH00239,O00239,2024-10-28,Отгружено
SH00240,O00240,2024-07-25,Отменено
SH00241,O00241,2025-02-26,Отгружено
SH00242,O00242,2024-04-16,Отменено
SH00243,O00243,2024-07-31,В пути
SH00244,O00244,2025-01-22,В пути
SH00245,O00245,2024-08-10,Отгружено
SH00246,O00246,2025-03-03,Отменено
SH00247,O00247,2024-11-30,Отгружено
SH00248,O00248,2024-11-24,Отменено
SH00249,O00249,2024-12-24,Отменено
SH00250,O00250,2024-10-18,Отменено
SH00251,O00251,2025-03-18,В пути
SH00252,O00252,2024-06-08,В пути
SH00253,O00253,2024-10-02,Отгружено
SH00254,O00254,2024-11-06,Отменено
SH00255,O00255,2024-10-21,Отгружено
SH00256,O00256,2024-08-24,Доставлено
SH00257,O00257,2024-08-21,Доставлено
SH00258,O00258,2024-11-12,Доставлено
SH00259,O00259,2025-02-06,Отменено
SH00260,O00260,2024-11-13,Отгружено
SH00261,O00261,2024-09-09,В пути
SH00262,O00262,2024-10-08,Отменено
SH00263,O00263,2025-04-08,Доставлено
SH00264,O00264,2024-08-19,В пути
SH00265,O00265,2025-03-18,Отгружено
SH00266,O00266,2024-06-28,Доставлено
SH00267,O00267,2025-01-09,Отменено
SH00268,O00268,2024-07-17,Отменено
SH00269,O00269,2024-11-25,В пути
SH00270,O00270,2024-09-07,Доставлено
SH00271,O00271,2024-07-10,Доставлено
SH00272,O00272,2025-03-09,Отгружено
SH00273,O00273,2025-02-06,Доставлено
SH00274,O00274,2024-09-22,В пути
SH00275,O00275,2024-05-02,Отгружено
SH00276,O00276,2024-08-16,Доставлено
SH00277,O00277,2025-01-26,Доставлено
SH00278,O00278,2024-10-14,Отгружено
SH00279,O00279,2025-01-11,Отгружено
SH00280,O00280,2025-04-04,В пути
SH00281,O00281,2025-02-26,Отменено
SH00282,O00282,2024-09-09,Доставлено
SH00283,O00283,2024-09-13,Доставлено
SH00284,O00284,2024-12-30,В пути
SH00285,O00285,2025-02-16,В пути
SH00286,O00286,2025-02-23,Отменено
SH00287,O00287,2024-12-20,Отменено
SH00288,O00288,2024-06-11,В пути
SH00289,O00289,2024-10-26,Доставлено
SH00290,O00290,2024-05-01,В пути
SH00291,O00291,2024-06-02,Отменено
SH00292,O00292,2024-10-24,Доставлено
SH00293,O00293,2024-11-27,Отгружено
SH00294,O00294,2024-08-21,Доставлено
SH00295,O00295,2025-03-16,Отгружено
SH00296,O00296,2024-05-21,Отменено
SH00297,O00297,2025-03-21,В пути
SH00298,O00298,2025-03-08,Доставлено
SH00299,O00299,2024-10-03,Отменено
SH00300,O00300,2024-05-19,Доставлено
SH00301,O00301,2024-11-02,В пути
SH00302,O00302,2025-04-05,В пути
SH00303,O00303,2024-10-10,Отгружено
SH00304,O00304,2024-04-22,В пути
SH00305,O00305,2025-01-22,Отменено
SH00306,O00306,2024-06-10,Отменено
SH00307,O00307,2024-09-19,В пути
SH00308,O00308,2025-03-15,Отменено
SH00309,O00309,2024-12-23,Отменено
SH00310,O00310,2024-06-14,Отменено
SH00311,O00311,2024-05-12,Отменено
SH00312,O00312,2024-10-13,Отгружено
SH00313,O00313,2025-02-12,Доставлено
SH00314,O00314,2024-07-24,В пути
SH00315,O00315,2024-08-25,Отменено
SH00316,O00316,2024-12-09,В пути
SH00317,O00317,2025-01-07,Отгружено
SH00318,O00318,2024-09-18,Доставлено
SH00319,O00319,2024-12-22,В пути
SH00320,O00320,2024-05-16,В пути
SH00321,O00321,2025-03-10,Отменено
SH00322,O00322,2024-08-18,В пути
SH00323,O00323,2025-03-09,В пути
SH00324,O00324,2025-01-03,В пути
SH00325,O00325,2025-03-15,Отгружено
SH00326,O00326,2024-11-06,Отгружено
SH00327,O00327,2024-09-10,В пути
SH00328,O00328,2024-08-14,Отменено
SH00329,O00329,2024-12-15,В пути
SH00330,O00330,2025-01-15,Отгружено
SH00331,O00331,2025-03-23,Отменено
SH00332,O00332,2025-01-31,Отгружено
SH00333,O00333,2024-10-17,Доставлено
SH00334,O00334,2025-03-19,Отменено
SH00335,O00335,2024-11-08,Отменено
SH00336,O00336,2024-04-25,Отгружено
SH00337,O00337,2024-12-06,В пути
SH00338,O00338,2024-05-10,Отменено
SH00339,O00339,2024-07-13,В пути
SH00340,O00340,2024-12-17,Отменено
SH00341,O00341,2025-01-07,Отгружено
SH00342,O00342,2025-04-09,Отменено
SH00343,O00343,2024-08-06,Отменено
SH00344,O00344,2024-07-10,Отменено
SH00345,O00345,2025-01-28,Отгружено
SH00346,O00346,2024-05-16,Отгружено
SH00347,O00347,2024-09-26,Отгружено
SH00348,O00348,2024-05-22,В пути
SH00349,O00349,2025-01-31,Отменено
SH00350,O00350,2024-12-15,Отгружено
SH00351,O00351,2025-01-15,В пути
SH00352,O00352,2025-03-18,Отменено
SH00353,O00353,2024-05-25,Отменено
SH00354,O00354,2024-10-02,В пути
SH00355,O00355,2024-06-14,Доставлено
SH00356,O00356,2025-01-05,В пути
SH00357,O00357,2024-08-08,Отгружено
SH00358,O00358,2025-03-30,Отменено
SH00359,O00359,2024-04-22,Отгружено
SH00360,O00360,2024-05-04,В пути
SH00361,O00361,2024-08-19,Отгружено
SH00362,O00362,2025-02-15,В пути
SH00363,O00363,2024-05-02,Отменено
SH00364,O00364,2024-08-08,Доставлено
SH00365,O00365,2024-08-28,Отгружено
SH00366,O00366,2024-09-04,В пути
SH00367,O00367,2024-09-30,В пути
SH00368,O00368,2024-06-06,Доставлено
SH00369,O00369,2024-07-20,Отгружено
SH00370,O00370,2024-11-03,Отгружено
SH00371,O00371,2024-09-22,Доставлено
SH00372,O00372,2024-11-18,В пути
SH00373,O00373,2025-01-03,Отгружено
SH00374,O00374,2025-02-13,Доставлено
SH00375,O00375,2024-06-19,Доставлено
SH00376,O00376,2024-06-21,Отменено
SH00377,O00377,2024-06-18,Отменено
SH00378,O00378,2024-05-16,Доставлено
SH00379,O00379,2024-12-07,Доставлено
SH00380,O00380,2025-03-19,В пути
SH00381,O00381,2024-09-11,Отгружено
SH00382,O00382,2024-12-12,Отгружено
SH00383,O00383,2025-01-02,Отгружено
SH00384,O00384,2024-07-14,В пути
SH00385,O00385,2024-10-23,В пути
SH00386,O00386,2025-04-01,В пути
SH00387,O00387,2024-11-27,Доставлено
SH00388,O00388,2024-06-07,В пути
SH00389,O00389,2024-07-15,Отменено
SH00390,O00390,2024-10-07,Доставлено
SH00391,O00391,2024-12-16,Отменено
SH00392,O00392,2024-07-23,В пути
SH00393,O00393,2024-10-09,Отменено
SH00394,O00394,2024-07-19,Доставлено
SH00395,O00395,2024-12-30,Отменено
SH00396,O00396,2024-04-19,В пути
SH00397,O00397,2025-03-30,В пути
SH00398,O00398,2025-02-17,Доставлено
SH00399,O00399,2024-10-13,В пути
SH00400,O00400,2025-03-31,Доставлено
SH00401,O00401,2024-08-04,В пути
SH00402,O00402,2025-01-02,В пути
SH00403,O00403,2024-11-11,Отменено
SH00404,O00404,2024-06-14,Отгружено
SH00405,O00405,2024-05-13,В пути
SH00406,O00406,2024-09-29,Доставлено
SH00407,O00407,2024-08-23,Отгружено
SH00408,O00408,2024-11-30,Отменено
SH00409,O00409,2024-08-05,Доставлено
SH00410,O00410,2024-12-20,Отгружено
SH00411,O00411,2024-09-24,Доставлено
SH00412,O00412,2025-01-10,Доставлено
SH00413,O00413,2024-07-18,В пути
SH00414,O00414,2024-10-07,Отгружено
SH00415,O00415,2025-03-05,Отменено
SH00416,O00416,2024-08-07,Отменено
SH00417,O00417,2024-06-27,Отгружено
SH00418,O00418,2024-09-08,Доставлено
SH00419,O00419,2025-03-12,Отменено
SH00420,O00420,2024-10-15,Доставлено
SH00421,O00421,2024-05-27,Доставлено
SH00422,O00422,2024-07-16,Доставлено
SH00423,O00423,2024-09-10,Отгружено
SH00424,O00424,2024-11-19,В пути
SH00425,O00425,2024-08-30,Отменено
SH00426,O00426,2024-11-21,Доставлено
SH00427,O00427,2024-08-09,Отменено
SH00428,O00428,2025-01-10,В пути
SH00429,O00429,2024-08-05,Отгружено
SH00430,O00430,2024-04-24,В пути
SH00431,O00431,2025-03-04,В пути
SH00432,O00432,2024-12-23,Отменено
SH00433,O00433,2024-09-15,Доставлено
SH00434,O00434,2024-07-26,Доставлено
SH00435,O00435,2024-04-19,В пути
SH00436,O00436,2024-11-21,Отменено
SH00437,O00437,2025-03-17,Отменено
SH00438,O00438,2025-01-03,Отменено
SH00439,O00439,2025-02-09,Отменено
SH00440,O00440,2025-01-29,Доставлено
SH00441,O00441,2024-05-02,Отменено
SH00442,O00442,2025-04-03,В пути
SH00443,O00443,2024-12-04,Отгружено
SH00444,O00444,2025-01-27,Отменено
SH00445,O00445,2024-10-26,Доставлено
SH00446,O00446,2025-03-06,Отгружено
SH00447,O00447,2025-04-02,Отгружено
SH00448,O00448,2025-03-27,В пути
SH00449,O00449,2024-07-31,В пути
SH00450,O00450,2025-02-10,Отгружено
SH00451,O00451,2025-02-15,Доставлено
SH00452,O00452,2024-07-13,Отменено
SH00453,O00453,2024-12-08,Отгружено
SH00454,O00454,2025-02-19,В пути
SH00455,O00455,2024-08-28,Отменено
SH00456,O00456,2024-07-09,Отгружено
SH00457,O00457,2024-12-17,Отгружено
SH00458,O00458,2024-06-27,В пути
SH00459,O00459,2024-12-14,Отгружено
SH00460,O00460,2024-07-22,Отменено
SH00461,O00461,2025-01-04,Доставлено
SH00462,O00462,2025-01-30,Отгружено
SH00463,O00463,2025-01-19,Отменено
SH00464,O00464,2025-02-04,В пути
SH00465,O00465,2024-12-24,Отгружено
SH00466,O00466,2025-01-02,В пути
SH00467,O00467,2025-03-06,Доставлено
SH00468,O00468,2024-06-03,Отменено
SH00469,O00469,2024-12-13,Отменено
SH00470,O00470,2024-05-19,Доставлено
SH00471,O00471,2025-03-27,Доставлено
SH00472,O00472,2024-12-15,В пути
SH00473,O00473,2024-12-24,Отгружено
SH00474,O00474,2024-04-28,Доставлено
SH00475,O00475,2024-08-11,Доставлено
SH00476,O00476,2025-02-13,В пути
SH00477,O00477,2024-09-29,Отменено
SH00478,O00478,2024-04-24,Доставлено
SH00479,O00479,2024-11-27,Отгружено
SH00480,O00480,2024-09-02,Отменено
SH00481,O00481,2025-01-20,Доставлено
SH00482,O00482,2024-06-01,Отменено
SH00483,O00483,2024-05-18,Доставлено
SH00484,O00484,2025-04-01,Отгружено
SH00485,O00485,2024-08-03,Доставлено
SH00486,O00486,2024-08-20,В пути
SH00487,O00487,2025-01-29,Доставлено
SH00488,O00488,2024-09-19,Отгружено
SH00489,O00489,2024-06-21,Отменено
SH00490,O00490,2024-06-28,Отгружено
SH00491,O00491,2024-06-05,В пути
SH00492,O00492,2025-02-13,Отгружено
SH00493,O00493,2024-11-09,Отгружено
SH00494,O00494,2025-03-18,Доставлено
SH00495,O00495,2024-09-01,Отменено
SH00496,O00496,2024-11-06,Доставлено
SH00497,O00497,2024-10-24,Доставлено
SH00498,O00498,2025-04-03,В пути
SH00499,O00499,2024-07-29,Доставлено
SH00500,O00500,2025-02-27,Отменено
SH00501,O00501,2024-06-18,Отменено
SH00502,O00502,2024-07-20,В пути
SH00503,O00503,2025-04-02,Отменено
SH00504,O00504,2025-02-25,Доставлено
SH00505,O00505,2024-10-21,В пути
SH00506,O00506,2025-02-18,В пути
SH00507,O00507,2024-08-05,Отгружено
SH00508,O00508,2025-01-26,Отменено
SH00509,O00509,2025-03-18,Доставлено
SH00510,O00510,2024-08-20,В пути
SH00511,O00511,2025-02-22,В пути
SH00512,O00512,2024-05-28,Доставлено
SH00513,O00513,2024-10-09,Отменено
SH00514,O00514,2024-05-13,Отменено
SH00515,O00515,2024-06-10,В пути
SH00516,O00516,2025-01-30,Отменено
SH00517,O00517,2024-07-11,Отменено
SH00518,O00518,2025-03-12,Отгружено
SH00519,O00519,2024-12-29,Отгружено
SH00520,O00520,2025-01-18,В пути
SH00521,O00521,2024-12-30,Отгружено
SH00522,O00522,2024-09-18,В пути
SH00523,O00523,2025-03-05,Доставлено
SH00524,O00524,2025-02-20,Отгружено
SH00525,O00525,2024-11-16,Отменено
SH00526,O00526,2024-09-02,Доставлено
SH00527,O00527,2024-05-19,Отгружено
SH00528,O00528,2025-02-18,Отменено
SH00529,O00529,2024-09-12,В пути
SH00530,O00530,2024-04-21,В пути
SH00531,O00531,2024-07-23,Доставлено
SH00532,O00532,2024-11-11,Отгружено
SH00533,O00533,2024-06-03,Доставлено
SH00534,O00534,2024-10-09,В пути
SH00535,O00535,2024-09-06,Отменено
SH00536,O00536,2024-12-29,Отменено
SH00537,O00537,2025-01-31,Отгружено
SH00538,O00538,2025-01-02,В пути
SH00539,O00539,2024-07-22,В пути
SH00540,O00540,2024-11-25,Отгружено
SH00541,O00541,2024-09-06,Отменено
SH00542,O00542,2025-02-24,Доставлено
SH00543,O00543,2024-12-15,В пути
SH00544,O00544,2025-04-14,Отгружено
SH00545,O00545,2024-09-06,В пути
SH00546,O00546,2024-05-23,Отгружено
SH00547,O00547,2025-01-01,Отменено
SH00548,O00548,2024-07-14,Доставлено
SH00549,O00549,2024-10-16,В пути
SH00550,O00550,2024-04-21,Доставлено
SH00551,O00551,2024-12-10,Отменено
SH00552,O00552,2025-03-20,Отменено
SH00553,O00553,2024-11-20,Отгружено
SH00554,O00554,2024-08-18,Отгружено
SH00555,O00555,2025-04-03,Доставлено
SH00556,O00556,2024-12-05,Доставлено
SH00557,O00557,2024-07-10,Отменено
SH00558,O00558,2024-12-19,Доставлено
SH00559,O00559,2024-05-05,В пути
SH00560,O00560,2024-12-13,Отгружено
SH00561,O00561,2025-02-24,Доставлено
SH00562,O00562,2024-10-09,Доставлено
SH00563,O00563,2025-04-02,Доставлено
SH00564,O00564,2025-01-12,Отгружено
SH00565,O00565,2024-08-09,В пути
SH00566,O00566,2024-12-21,Отменено
SH00567,O00567,2024-09-18,Доставлено
SH00568,O00568,2024-05-28,Отгружено
SH00569,O00569,2024-06-04,Отгружено
SH00570,O00570,2024-05-03,В пути
SH00571,O00571,2024-04-27,Доставлено
SH00572,O00572,2024-08-12,Доставлено
SH00573,O00573,2024-10-24,Доставлено
SH00574,O00574,2024-05-27,Доставлено
SH00575,O00575,2024-05-19,Отменено
SH00576,O00576,2024-07-11,Отгружено
SH00577,O00577,2025-03-22,Отгружено
SH00578,O00578,2024-11-05,В пути
SH00579,O00579,2024-06-03,Отменено
SH00580,O00580,2024-09-08,Отгружено
SH00581,O00581,2024-10-08,Доставлено
SH00582,O00582,2024-09-04,Отменено
SH00583,O00583,2025-01-02,В пути
SH00584,O00584,2025-01-28,В пути
SH00585,O00585,2025-01-06,В пути
SH00586,O00586,2024-11-07,Отменено
SH00587,O00587,2024-09-24,Доставлено
SH00588,O00588,2024-12-01,Доставлено
SH00589,O00589,2025-01-26,Отменено
SH00590,O00590,2025-01-23,Отгружено
SH00591,O00591,2024-06-13,Отгружено
SH00592,O00592,2025-03-23,Отменено
SH00593,O00593,2024-09-23,Отгружено
SH00594,O00594,2024-12-22,Доставлено
SH00595,O00595,2024-05-24,В пути
SH00596,O00596,2025-03-02,Отгружено
SH00597,O00597,2024-10-22,Отгружено
SH00598,O00598,2024-12-12,В пути
SH00599,O00599,2024-09-21,Отменено
SH00600,O00600,2025-04-13,Отгружено
SH00601,O00601,2024-07-29,Отменено
SH00602,O00602,2024-04-29,Отменено
SH00603,O00603,2025-01-08,Отменено
SH00604,O00604,2024-09-04,Доставлено
SH00605,O00605,2024-07-05,В пути
SH00606,O00606,2024-09-30,В пути
SH00607,O00607,2024-10-04,В пути
SH00608,O00608,2024-07-15,Отгружено
SH00609,O00609,2025-03-15,Отменено
SH00610,O00610,2024-09-02,Доставлено
SH00611,O00611,2024-05-21,В пути
SH00612,O00612,2025-01-04,Доставлено
SH00613,O00613,2024-09-04,Отгружено
SH00614,O00614,2024-11-09,В пути
SH00615,O00615,2025-03-27,В пути
SH00616,O00616,2024-12-19,Отгружено
SH00617,O00617,2024-09-02,В пути
SH00618,O00618,2024-05-06,В пути
SH00619,O00619,2024-09-14,Отгружено
SH00620,O00620,2024-08-01,В пути
SH00621,O00621,2024-06-29,В пути
SH00622,O00622,2024-06-01,Отгружено
SH00623,O00623,2025-03-06,Доставлено
SH00624,O00624,2025-03-02,Доставлено
SH00625,O00625,2024-10-06,Отгружено
SH00626,O00626,2024-05-21,Доставлено
SH00627,O00627,2024-12-29,В пути
SH00628,O00628,2024-07-05,Доставлено
SH00629,O00629,2024-12-18,Отгружено
SH00630,O00630,2024-12-20,Отгружено
SH00631,O00631,2024-12-04,Доставлено
SH00632,O00632,2024-04-20,Доставлено
SH00633,O00633,2024-05-01,Доставлено
SH00634,O00634,2025-02-10,Отгружено
SH00635,O00635,2024-08-23,Отменено
SH00636,O00636,2024-07-19,Доставлено
SH00637,O00637,2024-06-04,В пути
SH00638,O00638,2025-02-16,Отменено
SH00639,O00639,2024-11-17,Доставлено
SH00640,O00640,2024-07-01,В пути
SH00641,O00641,2024-05-11,Отменено
SH00642,O00642,2025-02-28,Отменено
SH00643,O00643,2025-02-03,Отменено
SH00644,O00644,2024-11-14,В пути
SH00645,O00645,2024-07-03,Отгружено
SH00646,O00646,2024-11-27,В пути
SH00647,O00647,2024-07-06,В пути
SH00648,O00648,2025-02-26,В пути
SH00649,O00649,2025-03-15,Отменено
SH00650,O00650,2024-07-15,В пути
SH00651,O00651,2024-08-21,Доставлено
SH00652,O00652,2025-02-05,Доставлено
SH00653,O00653,2024-06-08,В пути
SH00654,O00654,2025-02-17,Отменено
SH00655,O00655,2025-03-31,В пути
SH00656,O00656,2024-11-28,В пути
SH00657,O00657,2024-04-12,Отменено
SH00658,O00658,2024-07-28,Отменено
SH00659,O00659,2025-03-15,Отменено
SH00660,O00660,2024-06-06,В пути
SH00661,O00661,2024-06-05,Отгружено
SH00662,O00662,2024-11-10,Отгружено
SH00663,O00663,2024-07-20,Отменено
SH00664,O00664,2025-02-15,Отгружено
SH00665,O00665,2024-06-23,Отгружено
SH00666,O00666,2024-05-29,Отгружено
SH00667,O00667,2024-12-24,В пути
SH00668,O00668,2025-03-19,Отгружено
SH00669,O00669,2024-04-23,В пути
SH00670,O00670,2024-06-06,Отгружено
SH00671,O00671,2024-04-22,Отгружено
SH00672,O00672,2024-09-03,Отгружено
SH00673,O00673,2025-02-15,Доставлено
SH00674,O00674,2025-02-17,Отгружено
SH00675,O00675,2024-07-13,В пути
SH00676,O00676,2024-11-28,Отменено
SH00677,O00677,2024-08-20,В пути
SH00678,O00678,2024-04-19,Доставлено
SH00679,O00679,2024-06-20,В пути
SH00680,O00680,2024-07-24,Отгружено
SH00681,O00681,2024-05-05,Доставлено
SH00682,O00682,2024-06-04,Отгружено
SH00683,O00683,2025-01-24,Отгружено
SH00684,O00684,2024-09-21,Доставлено
SH00685,O00685,2024-11-01,Отменено
SH00686,O00686,2024-05-26,Отгружено
SH00687,O00687,2025-01-26,Отгружено
SH00688,O00688,2024-05-06,Отменено
SH00689,O00689,2024-10-15,В пути
SH00690,O00690,2024-10-04,Доставлено
SH00691,O00691,2025-02-08,Отменено
SH00692,O00692,2024-09-03,Отгружено
SH00693,O00693,2024-10-30,В пути
SH00694,O00694,2024-11-27,В пути
SH00695,O00695,2024-05-23,Доставлено
SH00696,O00696,2024-10-05,Отгружено
SH00697,O00697,2024-10-27,Доставлено
SH00698,O00698,2024-07-06,Доставлено
SH00699,O00699,2024-12-05,Отгружено
SH00700,O00700,2024-05-01,В пути
SH00701,O00701,2025-01-19,Отменено
SH00702,O00702,2025-02-13,Доставлено
SH00703,O00703,2025-04-02,В пути
SH00704,O00704,2025-03-18,Отменено
SH00705,O00705,2024-12-23,Доставлено
SH00706,O00706,2024-11-03,Доставлено
SH00707,O00707,2024-08-08,Отгружено
SH00708,O00708,2024-10-07,Отменено
SH00709,O00709,2024-12-21,Доставлено
SH00710,O00710,2024-04-25,Отгружено
SH00711,O00711,2024-05-10,Отгружено
SH00712,O00712,2024-10-20,В пути
SH00713,O00713,2025-03-12,В пути
SH00714,O00714,2024-09-15,В пути
SH00715,O00715,2024-09-26,Отменено
SH00716,O00716,2025-01-07,Отменено
SH00717,O00717,2024-05-28,Отгружено
SH00718,O00718,2024-10-18,Отменено
SH00719,O00719,2025-01-17,Доставлено
SH00720,O00720,2025-03-31,Отгружено
SH00721,O00721,2024-10-02,В пути
SH00722,O00722,2024-05-10,Отменено
SH00723,O00723,2025-03-28,Доставлено
SH00724,O00724,2024-05-15,Отменено
SH00725,O00725,2024-08-17,Отменено
SH00726,O00726,2024-12-07,Доставлено
SH00727,O00727,2024-06-08,В пути
SH00728,O00728,2024-05-09,Отменено
SH00729,O00729,2024-06-03,Отменено
SH00730,O00730,2024-07-30,Отменено
SH00731,O00731,2024-12-13,В пути
SH00732,O00732,2024-12-15,Отгружено
SH00733,O00733,2024-11-28,Отменено
SH00734,O00734,2024-11-13,В пути
SH00735,O00735,2025-01-17,Отгружено
SH00736,O00736,2024-08-16,Доставлено
SH00737,O00737,2024-09-05,В пути
SH00738,O00738,2024-12-05,Отгружено
SH00739,O00739,2024-11-05,Отменено
SH00740,O00740,2024-08-04,Отгружено
SH00741,O00741,2024-10-04,Доставлено
SH00742,O00742,2024-10-26,В пути
SH00743,O00743,2024-12-04,Отменено
SH00744,O00744,2024-09-26,Отменено
SH00745,O00745,2024-05-20,В пути
SH00746,O00746,2025-02-19,В пути
SH00747,O00747,2025-01-08,В пути
SH00748,O00748,2024-05-25,В пути
SH00749,O00749,2025-03-11,Отгружено
SH00750,O00750,2024-12-26,Отменено
SH00751,O00751,2024-12-21,Отгружено
SH00752,O00752,2025-03-22,Отгружено
SH00753,O00753,2025-02-08,Отгружено
SH00754,O00754,2024-11-14,В пути
SH00755,O00755,2025-01-15,В пути
SH00756,O00756,2025-03-15,В пути
SH00757,O00757,2024-07-03,В пути
SH00758,O00758,2024-09-25,Отгружено
SH00759,O00759,2024-10-07,Отменено
SH00760,O00760,2025-03-22,В пути
SH00761,O00761,2024-07-11,В пути
SH00762,O00762,2024-09-23,Доставлено
SH00763,O00763,2024-08-23,Отменено
SH00764,O00764,2025-03-03,Доставлено
SH00765,O00765,2024-10-07,Отгружено
SH00766,O00766,2024-09-14,Отгружено
SH00767,O00767,2024-09-20,Отгружено
SH00768,O00768,2025-01-24,Отгружено
SH00769,O00769,2024-05-21,В пути
SH00770,O00770,2024-08-14,В пути
SH00771,O00771,2024-09-23,Отменено
SH00772,O00772,2024-08-16,Отменено
SH00773,O00773,2024-12-30,Отменено
SH00774,O00774,2024-07-22,Доставлено
SH00775,O00775,2024-09-07,Доставлено
SH00776,O00776,2024-06-14,В пути
SH00777,O00777,2025-01-05,В пути
SH00778,O00778,2025-04-06,Отгружено
SH00779,O00779,2024-10-16,Отменено
SH00780,O00780,2024-05-08,В пути
SH00781,O00781,2024-05-19,Отгружено
SH00782,O00782,2025-03-01,Отменено
SH00783,O00783,2024-05-15,Отгружено
SH00784,O00784,2024-05-23,Отменено
SH00785,O00785,2024-09-28,Доставлено
SH00786,O00786,2024-05-23,Отменено
SH00787,O00787,2025-01-31,Отменено
SH00788,O00788,2025-01-23,Отгружено
SH00789,O00789,2024-09-08,Доставлено
SH00790,O00790,2025-02-25,Отменено
SH00791,O00791,2024-06-01,Доставлено
SH00792,O00792,2024-11-13,Отгружено
SH00793,O00793,2024-05-04,Доставлено
SH00794,O00794,2024-11-28,Доставлено
SH00795,O00795,2024-11-15,В пути
SH00796,O00796,2024-11-17,В пути
SH00797,O00797,2024-08-21,Отгружено
SH00798,O00798,2024-12-27,В пути
SH00799,O00799,2024-06-01,Отгружено
SH00800,O00800,2024-09-23,Доставлено
SH00801,O00801,2024-08-27,В пути
SH00802,O00802,2025-03-21,Отгружено
SH00803,O00803,2024-12-26,Доставлено
SH00804,O00804,2025-04-11,Отгружено
SH00805,O00805,2025-01-31,Отменено
SH00806,O00806,2024-09-22,Отгружено
SH00807,O00807,2025-03-16,Отгружено
SH00808,O00808,2025-04-03,Отгружено
SH00809,O00809,2025-01-18,Доставлено
SH00810,O00810,2024-05-03,В пути
SH00811,O00811,2024-08-02,Отменено
SH00812,O00812,2024-12-05,Доставлено
SH00813,O00813,2024-08-11,Отгружено
SH00814,O00814,2024-08-27,Отменено
SH00815,O00815,2024-05-26,Отгружено
SH00816,O00816,2024-11-25,В пути
SH00817,O00817,2024-10-25,Отменено
SH00818,O00818,2024-07-05,Отгружено
SH00819,O00819,2024-06-12,В пути
SH00820,O00820,2024-12-23,Отменено
SH00821,O00821,2024-10-15,Отгружено
SH00822,O00822,2024-07-12,В пути
SH00823,O00823,2025-03-07,В пути
SH00824,O00824,2024-05-29,В пути
SH00825,O00825,2024-08-28,Доставлено
SH00826,O00826,2025-03-08,В пути
SH00827,O00827,2024-11-15,Доставлено
SH00828,O00828,2024-09-02,Отменено
SH00829,O00829,2024-05-25,Отменено
SH00830,O00830,2025-02-02,В пути
SH00831,O00831,2024-08-01,Отгружено
SH00832,O00832,2024-11-20,Отменено
SH00833,O00833,2024-07-07,Отгружено
SH00834,O00834,2025-02-19,Доставлено
SH00835,O00835,2024-09-28,Отгружено
SH00836,O00836,2025-03-08,Отгружено
SH00837,O00837,2024-11-17,Доставлено
SH00838,O00838,2025-02-04,Доставлено
SH00839,O00839,2025-02-23,Отгружено
SH00840,O00840,2024-12-10,Доставлено
SH00841,O00841,2024-12-07,Отгружено
SH00842,O00842,2024-12-29,В пути
SH00843,O00843,2024-12-21,Отменено
SH00844,O00844,2024-11-15,Отменено
SH00845,O00845,2024-04-23,Отменено
SH00846,O00846,2024-12-08,В пути
SH00847,O00847,2025-04-06,Отменено
SH00848,O00848,2024-12-22,Доставлено
SH00849,O00849,2025-03-05,Доставлено
SH00850,O00850,2025-01-08,Отменено
SH00851,O00851,2024-07-29,В пути
SH00852,O00852,2024-04-25,Доставлено
SH00853,O00853,2024-06-24,Доставлено
SH00854,O00854,2024-07-28,Отгружено
SH00855,O00855,2025-01-13,Отменено
SH00856,O00856,2025-02-05,Отменено
SH00857,O00857,2024-08-10,Отгружено
SH00858,O00858,2025-04-07,Отгружено
SH00859,O00859,2024-08-25,В пути
SH00860,O00860,2024-08-30,Отгружено
SH00861,O00861,2024-04-14,Отгружено
SH00862,O00862,2024-06-22,Отменено
SH00863,O00863,2025-03-15,Отменено
SH00864,O00864,2024-06-11,Отгружено
SH00865,O00865,2024-11-17,Отменено
SH00866,O00866,2024-12-28,Отменено
SH00867,O00867,2024-09-18,Отгружено
SH00868,O00868,2024-05-10,Отменено
SH00869,O00869,2024-06-08,Отменено
SH00870,O00870,2025-01-23,Отгружено
SH00871,O00871,2024-12-13,Отгружено
SH00872,O00872,2024-04-25,Отменено
SH00873,O00873,2024-05-17,Отменено
SH00874,O00874,2025-01-27,Отгружено
SH00875,O00875,2024-11-05,Доставлено
SH00876,O00876,2024-07-07,Отменено
SH00877,O00877,2024-09-05,Отменено
SH00878,O00878,2024-09-21,Доставлено
SH00879,O00879,2024-10-07,Отгружено
SH00880,O00880,2024-08-25,В пути
SH00881,O00881,2024-06-14,В пути
SH00882,O00882,2024-09-06,В пути
SH00883,O00883,2024-08-12,Отгружено
SH00884,O00884,2025-01-20,Отменено
SH00885,O00885,2024-08-14,Доставлено
SH00886,O00886,2025-02-12,Отменено
SH00887,O00887,2025-04-14,В пути
SH00888,O00888,2024-11-17,В пути
SH00889,O00889,2024-12-04,Отгружено
SH00890,O00890,2024-05-19,Отменено
SH00891,O00891,2025-03-22,Доставлено
SH00892,O00892,2024-05-06,В пути
SH00893,O00893,2024-06-10,В пути
SH00894,O00894,2024-06-11,Доставлено
SH00895,O00895,2025-01-31,Отгружено
SH00896,O00896,2024-12-08,Отменено
SH00897,O00897,2024-05-06,Отменено
SH00898,O00898,2025-01-01,В пути
SH00899,O00899,2024-05-17,Доставлено
SH00900,O00900,2024-07-26,Отгружено
SH00901,O00901,2024-09-30,Отменено
SH00902,O00902,2024-12-26,Доставлено
SH00903,O00903,2024-09-23,В пути
SH00904,O00904,2024-10-18,Отменено
SH00905,O00905,2024-12-05,Отменено
SH00906,O00906,2024-10-03,В пути
SH00907,O00907,2024-09-23,Отменено
SH00908,O00908,2024-07-28,Отменено
SH00909,O00909,2024-07-09,Отгружено
SH00910,O00910,2025-02-02,В пути
SH00911,O00911,2024-10-26,В пути
SH00912,O00912,2024-05-27,Доставлено
SH00913,O00913,2024-08-23,В пути
SH00914,O00914,2024-09-27,В пути
SH00915,O00915,2024-05-27,Доставлено
SH00916,O00916,2024-07-30,Отменено
SH00917,O00917,2025-01-01,Отгружено
SH00918,O00918,2025-01-02,В пути
SH00919,O00919,2024-12-02,Отменено
SH00920,O00920,2024-10-21,Отгружено
SH00921,O00921,2024-11-01,В пути
SH00922,O00922,2024-12-31,В пути
SH00923,O00923,2024-08-11,В пути
SH00924,O00924,2024-05-02,Отменено
SH00925,O00925,2024-07-06,Доставлено
SH00926,O00926,2024-09-12,В пути
SH00927,O00927,2024-12-04,Отгружено
SH00928,O00928,2024-05-04,Доставлено
SH00929,O00929,2024-04-13,Доставлено
SH00930,O00930,2024-07-01,Отгружено
SH00931,O00931,2024-08-11,Отменено
SH00932,O00932,2024-07-07,Отменено
SH00933,O00933,2025-02-06,Отменено
SH00934,O00934,2024-06-05,Доставлено
SH00935,O00935,2025-02-07,Отменено
SH00936,O00936,2024-07-23,Доставлено
SH00937,O00937,2024-08-01,В пути
SH00938,O00938,2024-08-19,Отменено
SH00939,O00939,2024-05-29,В пути
SH00940,O00940,2024-04-18,В пути
SH00941,O00941,2024-10-25,Отменено
SH00942,O00942,2025-01-29,Доставлено
SH00943,O00943,2024-10-01,Отменено
SH00944,O00944,2024-06-23,Доставлено
SH00945,O00945,2024-06-05,Отгружено
SH00946,O00946,2024-09-05,Отгружено
SH00947,O00947,2024-11-03,Отгружено
SH00948,O00948,2025-01-13,Отменено
SH00949,O00949,2024-07-09,Отменено
SH00950,O00950,2024-10-27,Отгружено
SH00951,O00951,2024-11-18,Отменено
SH00952,O00952,2025-03-04,Отгружено
SH00953,O00953,2024-12-31,Доставлено
SH00954,O00954,2025-02-24,Отменено
SH00955,O00955,2024-08-27,В пути
SH00956,O00956,2024-05-14,Отменено
SH00957,O00957,2024-09-16,Отменено
SH00958,O00958,2025-03-11,В пути
SH00959,O00959,2025-01-30,Отменено
SH00960,O00960,2024-04-27,Доставлено
SH00961,O00961,2024-10-03,Отменено
SH00962,O00962,2024-04-21,Отменено
SH00963,O00963,2024-10-06,Доставлено
SH00964,O00964,2025-04-09,В пути
SH00965,O00965,2024-05-15,Доставлено
SH00966,O00966,2025-03-13,Доставлено
SH00967,O00967,2024-08-12,Отменено
SH00968,O00968,2024-11-25,В пути
SH00969,O00969,2024-09-24,Отменено
SH00970,O00970,2024-11-19,Отгружено
SH00971,O00971,2024-09-15,В пути
SH00972,O00972,2025-01-17,Доставлено
SH00973,O00973,2024-12-21,Доставлено
SH00974,O00974,2024-09-22,В пути
SH00975,O00975,2024-08-05,Отменено
SH00976,O00976,2024-05-26,Отменено
SH00977,O00977,2024-09-16,Отменено
SH00978,O00978,2024-04-25,Отгружено
SH00979,O00979,2024-08-21,Отменено
SH00980,O00980,2024-06-17,Отменено
SH00981,O00981,2025-02-21,В пути
SH00982,O00982,2024-12-10,Доставлено
SH00983,O00983,2024-10-10,В пути
SH00984,O00984,2025-03-03,В пути
SH00985,O00985,2025-01-03,В пути
SH00986,O00986,2025-04-07,Отгружено
SH00987,O00987,2024-09-03,Отменено
SH00988,O00988,2024-05-21,Доставлено
SH00989,O00989,2024-10-03,В пути
SH00990,O00990,2025-03-06,В пути
SH00991,O00991,2024-05-22,Отгружено
SH00992,O00992,2024-07-14,Отменено
SH00993,O00993,2024-09-27,В пути
SH00994,O00994,2024-11-25,Отгружено
SH00995,O00995,2024-09-17,Отменено
SH00996,O00996,2024-10-31,В пути
SH00997,O00997,2024-05-14,Доставлено
SH00998,O00998,2024-09-12,В пути
SH00999,O00999,2025-03-20,В пути
SH01000,O01000,2024-08-11,В пути
